district_slug,crop_code,week_of_year,stage,risk_notes_en,risk_notes_ne
kailali,paddy,1,post-harvest,"Dry, grade and store produce properly; hermetic bags reduce storage pest losses.","उपज राम्ररी सुकाएर, छानेर भण्डारण गर्नुहोस्; हावा नछिर्ने बोराले भण्डारण कीराको क्षति घटाउँछ।"
kailali,paddy,2,post-harvest,"Dry, grade and store produce properly; hermetic bags reduce storage pest losses.","उपज राम्ररी सुकाएर, छानेर भण्डारण गर्नुहोस्; हावा नछिर्ने बोराले भण्डारण कीराको क्षति घटाउँछ।"
kailali,paddy,3,fallow,"Field resting period — good time for green manuring, soil testing and bund repair.","खेत बाँझो रहने समय — हरियो मल, माटो परीक्षण र आली मर्मतका लागि उपयुक्त समय।"
kailali,paddy,4,fallow,"Field resting period — good time for green manuring, soil testing and bund repair.","खेत बाँझो रहने समय — हरियो मल, माटो परीक्षण र आली मर्मतका लागि उपयुक्त समय।"
kailali,paddy,5,fallow,"Field resting period — good time for green manuring, soil testing and bund repair.","खेत बाँझो रहने समय — हरियो मल, माटो परीक्षण र आली मर्मतका लागि उपयुक्त समय।"
kailali,paddy,6,fallow,"Field resting period — good time for green manuring, soil testing and bund repair.","खेत बाँझो रहने समय — हरियो मल, माटो परीक्षण र आली मर्मतका लागि उपयुक्त समय।"
kailali,paddy,7,fallow,"Field resting period — good time for green manuring, soil testing and bund repair.","खेत बाँझो रहने समय — हरियो मल, माटो परीक्षण र आली मर्मतका लागि उपयुक्त समय।"
kailali,paddy,8,fallow,"Field resting period — good time for green manuring, soil testing and bund repair.","खेत बाँझो रहने समय — हरियो मल, माटो परीक्षण र आली मर्मतका लागि उपयुक्त समय।"
kailali,paddy,9,fallow,"Field resting period — good time for green manuring, soil testing and bund repair.","खेत बाँझो रहने समय — हरियो मल, माटो परीक्षण र आली मर्मतका लागि उपयुक्त समय।"
kailali,paddy,10,fallow,"Field resting period — good time for green manuring, soil testing and bund repair.","खेत बाँझो रहने समय — हरियो मल, माटो परीक्षण र आली मर्मतका लागि उपयुक्त समय।"
kailali,paddy,11,fallow,"Field resting period — good time for green manuring, soil testing and bund repair.","खेत बाँझो रहने समय — हरियो मल, माटो परीक्षण र आली मर्मतका लागि उपयुक्त समय।"
kailali,paddy,12,fallow,"Field resting period — good time for green manuring, soil testing and bund repair.","खेत बाँझो रहने समय — हरियो मल, माटो परीक्षण र आली मर्मतका लागि उपयुक्त समय।"
kailali,paddy,13,fallow,"Field resting period — good time for green manuring, soil testing and bund repair.","खेत बाँझो रहने समय — हरियो मल, माटो परीक्षण र आली मर्मतका लागि उपयुक्त समय।"
kailali,paddy,14,fallow,"Field resting period — good time for green manuring, soil testing and bund repair.","खेत बाँझो रहने समय — हरियो मल, माटो परीक्षण र आली मर्मतका लागि उपयुक्त समय।"
kailali,paddy,15,fallow,"Field resting period — good time for green manuring, soil testing and bund repair.","खेत बाँझो रहने समय — हरियो मल, माटो परीक्षण र आली मर्मतका लागि उपयुक्त समय।"
kailali,paddy,16,fallow,"Field resting period — good time for green manuring, soil testing and bund repair.","खेत बाँझो रहने समय — हरियो मल, माटो परीक्षण र आली मर्मतका लागि उपयुक्त समय।"
kailali,paddy,17,fallow,"Field resting period — good time for green manuring, soil testing and bund repair.","खेत बाँझो रहने समय — हरियो मल, माटो परीक्षण र आली मर्मतका लागि उपयुक्त समय।"
kailali,paddy,18,fallow,"Field resting period — good time for green manuring, soil testing and bund repair.","खेत बाँझो रहने समय — हरियो मल, माटो परीक्षण र आली मर्मतका लागि उपयुक्त समय।"
kailali,paddy,19,fallow,"Field resting period — good time for green manuring, soil testing and bund repair.","खेत बाँझो रहने समय — हरियो मल, माटो परीक्षण र आली मर्मतका लागि उपयुक्त समय।"
kailali,paddy,20,fallow,"Field resting period — good time for green manuring, soil testing and bund repair.","खेत बाँझो रहने समय — हरियो मल, माटो परीक्षण र आली मर्मतका लागि उपयुक्त समय।"
kailali,paddy,21,fallow,"Field resting period — good time for green manuring, soil testing and bund repair.","खेत बाँझो रहने समय — हरियो मल, माटो परीक्षण र आली मर्मतका लागि उपयुक्त समय।"
kailali,paddy,22,fallow,"Field resting period — good time for green manuring, soil testing and bund repair.","खेत बाँझो रहने समय — हरियो मल, माटो परीक्षण र आली मर्मतका लागि उपयुक्त समय।"
kailali,paddy,23,fallow,"Field resting period — good time for green manuring, soil testing and bund repair.","खेत बाँझो रहने समय — हरियो मल, माटो परीक्षण र आली मर्मतका लागि उपयुक्त समय।"
kailali,paddy,24,land-prep,Prepare bunds and puddle fields; pre-monsoon showers can be erratic — keep nursery seedbeds on higher ground.,आली मर्मत र खेत हिलाउने काम गर्नुहोस्; मनसुनअघिको वर्षा अनियमित हुनसक्छ — बीउ ब्याड अग्लो ठाउँमा राख्नुहोस्।
kailali,paddy,25,land-prep,Prepare bunds and puddle fields; pre-monsoon showers can be erratic — keep nursery seedbeds on higher ground.,आली मर्मत र खेत हिलाउने काम गर्नुहोस्; मनसुनअघिको वर्षा अनियमित हुनसक्छ — बीउ ब्याड अग्लो ठाउँमा राख्नुहोस्।
kailali,paddy,26,land-prep,Prepare bunds and puddle fields; pre-monsoon showers can be erratic — keep nursery seedbeds on higher ground.,आली मर्मत र खेत हिलाउने काम गर्नुहोस्; मनसुनअघिको वर्षा अनियमित हुनसक्छ — बीउ ब्याड अग्लो ठाउँमा राख्नुहोस्।
kailali,paddy,27,sowing,Transplant 20–25 day seedlings with monsoon onset; delayed monsoon may require supplemental irrigation.,मनसुन सुरु भएसँगै २०–२५ दिनका बेर्ना रोप्नुहोस्; मनसुन ढिलो भए थप सिँचाइ आवश्यक पर्न सक्छ।
kailali,paddy,28,sowing,Transplant 20–25 day seedlings with monsoon onset; delayed monsoon may require supplemental irrigation.,मनसुन सुरु भएसँगै २०–२५ दिनका बेर्ना रोप्नुहोस्; मनसुन ढिलो भए थप सिँचाइ आवश्यक पर्न सक्छ।
kailali,paddy,29,sowing,Transplant 20–25 day seedlings with monsoon onset; delayed monsoon may require supplemental irrigation.,मनसुन सुरु भएसँगै २०–२५ दिनका बेर्ना रोप्नुहोस्; मनसुन ढिलो भए थप सिँचाइ आवश्यक पर्न सक्छ।
kailali,paddy,30,sowing,Transplant 20–25 day seedlings with monsoon onset; delayed monsoon may require supplemental irrigation.,मनसुन सुरु भएसँगै २०–२५ दिनका बेर्ना रोप्नुहोस्; मनसुन ढिलो भए थप सिँचाइ आवश्यक पर्न सक्छ।
kailali,paddy,31,sowing,Transplant 20–25 day seedlings with monsoon onset; delayed monsoon may require supplemental irrigation.,मनसुन सुरु भएसँगै २०–२५ दिनका बेर्ना रोप्नुहोस्; मनसुन ढिलो भए थप सिँचाइ आवश्यक पर्न सक्छ।
kailali,paddy,32,vegetative,Peak monsoon: watch for flooding in low fields and stem borer after heavy rain.,मनसुनको चरम समय: होचा खेतमा डुबान र भारी वर्षापछि गवारो कीराको निगरानी गर्नुहोस्।
kailali,paddy,33,vegetative,Peak monsoon: watch for flooding in low fields and stem borer after heavy rain.,मनसुनको चरम समय: होचा खेतमा डुबान र भारी वर्षापछि गवारो कीराको निगरानी गर्नुहोस्।
kailali,paddy,34,vegetative,Peak monsoon: watch for flooding in low fields and stem borer after heavy rain.,मनसुनको चरम समय: होचा खेतमा डुबान र भारी वर्षापछि गवारो कीराको निगरानी गर्नुहोस्।
kailali,paddy,35,vegetative,Peak monsoon: watch for flooding in low fields and stem borer after heavy rain.,मनसुनको चरम समय: होचा खेतमा डुबान र भारी वर्षापछि गवारो कीराको निगरानी गर्नुहोस्।
kailali,paddy,36,vegetative,Peak monsoon: watch for flooding in low fields and stem borer after heavy rain.,मनसुनको चरम समय: होचा खेतमा डुबान र भारी वर्षापछि गवारो कीराको निगरानी गर्नुहोस्।
kailali,paddy,37,vegetative,Peak monsoon: watch for flooding in low fields and stem borer after heavy rain.,मनसुनको चरम समय: होचा खेतमा डुबान र भारी वर्षापछि गवारो कीराको निगरानी गर्नुहोस्।
kailali,paddy,38,flowering,Critical water-sensitive stage — do not let fields dry; late-monsoon dry spells reduce grain set.,पानीप्रति अति संवेदनशील चरण — खेत सुक्न नदिनुहोस्; मनसुन अन्त्यको खडेरीले दाना कम लाग्न सक्छ।
kailali,paddy,39,flowering,Critical water-sensitive stage — do not let fields dry; late-monsoon dry spells reduce grain set.,पानीप्रति अति संवेदनशील चरण — खेत सुक्न नदिनुहोस्; मनसुन अन्त्यको खडेरीले दाना कम लाग्न सक्छ।
kailali,paddy,40,flowering,Critical water-sensitive stage — do not let fields dry; late-monsoon dry spells reduce grain set.,पानीप्रति अति संवेदनशील चरण — खेत सुक्न नदिनुहोस्; मनसुन अन्त्यको खडेरीले दाना कम लाग्न सक्छ।
kailali,paddy,41,flowering,Critical water-sensitive stage — do not let fields dry; late-monsoon dry spells reduce grain set.,पानीप्रति अति संवेदनशील चरण — खेत सुक्न नदिनुहोस्; मनसुन अन्त्यको खडेरीले दाना कम लाग्न सक्छ।
kailali,paddy,42,grain-fill,Post-monsoon rain and lodging risk; drain fields 10–15 days before expected harvest.,मनसुनपछिको वर्षा र बाली ढल्ने जोखिम; कटानीको १०–१५ दिनअघि खेतको पानी निकास गर्नुहोस्।
kailali,paddy,43,grain-fill,Post-monsoon rain and lodging risk; drain fields 10–15 days before expected harvest.,मनसुनपछिको वर्षा र बाली ढल्ने जोखिम; कटानीको १०–१५ दिनअघि खेतको पानी निकास गर्नुहोस्।
kailali,paddy,44,grain-fill,Post-monsoon rain and lodging risk; drain fields 10–15 days before expected harvest.,मनसुनपछिको वर्षा र बाली ढल्ने जोखिम; कटानीको १०–१५ दिनअघि खेतको पानी निकास गर्नुहोस्।
kailali,paddy,45,grain-fill,Post-monsoon rain and lodging risk; drain fields 10–15 days before expected harvest.,मनसुनपछिको वर्षा र बाली ढल्ने जोखिम; कटानीको १०–१५ दिनअघि खेतको पानी निकास गर्नुहोस्।
kailali,paddy,46,harvest,Harvest at 20–22% grain moisture; unseasonal October–November rain can cause sprouting in stacked paddy.,दाना २०–२२% चिस्यानमा कटानी गर्नुहोस्; कात्तिक–मंसिरको बेमौसमी वर्षाले थुपारेको धानमा टुसा उम्रन सक्छ।
kailali,paddy,47,harvest,Harvest at 20–22% grain moisture; unseasonal October–November rain can cause sprouting in stacked paddy.,दाना २०–२२% चिस्यानमा कटानी गर्नुहोस्; कात्तिक–मंसिरको बेमौसमी वर्षाले थुपारेको धानमा टुसा उम्रन सक्छ।
kailali,paddy,48,harvest,Harvest at 20–22% grain moisture; unseasonal October–November rain can cause sprouting in stacked paddy.,दाना २०–२२% चिस्यानमा कटानी गर्नुहोस्; कात्तिक–मंसिरको बेमौसमी वर्षाले थुपारेको धानमा टुसा उम्रन सक्छ।
kailali,paddy,49,harvest,Harvest at 20–22% grain moisture; unseasonal October–November rain can cause sprouting in stacked paddy.,दाना २०–२२% चिस्यानमा कटानी गर्नुहोस्; कात्तिक–मंसिरको बेमौसमी वर्षाले थुपारेको धानमा टुसा उम्रन सक्छ।
kailali,paddy,50,post-harvest,"Dry, grade and store produce properly; hermetic bags reduce storage pest losses.","उपज राम्ररी सुकाएर, छानेर भण्डारण गर्नुहोस्; हावा नछिर्ने बोराले भण्डारण कीराको क्षति घटाउँछ।"
kailali,paddy,51,post-harvest,"Dry, grade and store produce properly; hermetic bags reduce storage pest losses.","उपज राम्ररी सुकाएर, छानेर भण्डारण गर्नुहोस्; हावा नछिर्ने बोराले भण्डारण कीराको क्षति घटाउँछ।"
kailali,paddy,52,post-harvest,"Dry, grade and store produce properly; hermetic bags reduce storage pest losses.","उपज राम्ररी सुकाएर, छानेर भण्डारण गर्नुहोस्; हावा नछिर्ने बोराले भण्डारण कीराको क्षति घटाउँछ।"
kailali,wheat,1,vegetative,Cold spells and fog are common; irrigate at crown-root initiation (~21 days after sowing).,शीतलहर र कुहिरो सामान्य हो; छरेको करिब २१ दिनपछि (मुख्य जरा बन्ने बेला) सिँचाइ गर्नुहोस्।
kailali,wheat,2,vegetative,Cold spells and fog are common; irrigate at crown-root initiation (~21 days after sowing).,शीतलहर र कुहिरो सामान्य हो; छरेको करिब २१ दिनपछि (मुख्य जरा बन्ने बेला) सिँचाइ गर्नुहोस्।
kailali,wheat,3,vegetative,Cold spells and fog are common; irrigate at crown-root initiation (~21 days after sowing).,शीतलहर र कुहिरो सामान्य हो; छरेको करिब २१ दिनपछि (मुख्य जरा बन्ने बेला) सिँचाइ गर्नुहोस्।
kailali,wheat,4,vegetative,Cold spells and fog are common; irrigate at crown-root initiation (~21 days after sowing).,शीतलहर र कुहिरो सामान्य हो; छरेको करिब २१ दिनपछि (मुख्य जरा बन्ने बेला) सिँचाइ गर्नुहोस्।
kailali,wheat,5,vegetative,Cold spells and fog are common; irrigate at crown-root initiation (~21 days after sowing).,शीतलहर र कुहिरो सामान्य हो; छरेको करिब २१ दिनपछि (मुख्य जरा बन्ने बेला) सिँचाइ गर्नुहोस्।
kailali,wheat,6,vegetative,Cold spells and fog are common; irrigate at crown-root initiation (~21 days after sowing).,शीतलहर र कुहिरो सामान्य हो; छरेको करिब २१ दिनपछि (मुख्य जरा बन्ने बेला) सिँचाइ गर्नुहोस्।
kailali,wheat,7,flowering,Watch for yellow rust after prolonged cool-humid weather; ensure irrigation at booting–heading.,लामो चिसो-ओसिलो मौसमपछि पहेँलो सिन्दुरे रोगको निगरानी गर्नुहोस्; बाला निस्कने बेला सिँचाइ सुनिश्चित गर्नुहोस्।
kailali,wheat,8,flowering,Watch for yellow rust after prolonged cool-humid weather; ensure irrigation at booting–heading.,लामो चिसो-ओसिलो मौसमपछि पहेँलो सिन्दुरे रोगको निगरानी गर्नुहोस्; बाला निस्कने बेला सिँचाइ सुनिश्चित गर्नुहोस्।
kailali,wheat,9,flowering,Watch for yellow rust after prolonged cool-humid weather; ensure irrigation at booting–heading.,लामो चिसो-ओसिलो मौसमपछि पहेँलो सिन्दुरे रोगको निगरानी गर्नुहोस्; बाला निस्कने बेला सिँचाइ सुनिश्चित गर्नुहोस्।
kailali,wheat,10,flowering,Watch for yellow rust after prolonged cool-humid weather; ensure irrigation at booting–heading.,लामो चिसो-ओसिलो मौसमपछि पहेँलो सिन्दुरे रोगको निगरानी गर्नुहोस्; बाला निस्कने बेला सिँचाइ सुनिश्चित गर्नुहोस्।
kailali,wheat,11,grain-fill,Rising March temperatures can force early maturity; terminal heat is the main yield risk in the Terai.,चैतको बढ्दो तापक्रमले बाली छिटो पाक्न सक्छ; अन्तिम चरणको गर्मी तराईमा उत्पादनको मुख्य जोखिम हो।
kailali,wheat,12,grain-fill,Rising March temperatures can force early maturity; terminal heat is the main yield risk in the Terai.,चैतको बढ्दो तापक्रमले बाली छिटो पाक्न सक्छ; अन्तिम चरणको गर्मी तराईमा उत्पादनको मुख्य जोखिम हो।
kailali,wheat,13,grain-fill,Rising March temperatures can force early maturity; terminal heat is the main yield risk in the Terai.,चैतको बढ्दो तापक्रमले बाली छिटो पाक्न सक्छ; अन्तिम चरणको गर्मी तराईमा उत्पादनको मुख्य जोखिम हो।
kailali,wheat,14,harvest,Harvest before pre-monsoon thunderstorms (Chaitra); hailstorm risk peaks in late March–April.,मनसुनअघिको हावाहुरी (चैत) अघि कटानी गर्नुहोस्; चैत–वैशाखमा असिनाको जोखिम बढी हुन्छ।
kailali,wheat,15,harvest,Harvest before pre-monsoon thunderstorms (Chaitra); hailstorm risk peaks in late March–April.,मनसुनअघिको हावाहुरी (चैत) अघि कटानी गर्नुहोस्; चैत–वैशाखमा असिनाको जोखिम बढी हुन्छ।
kailali,wheat,16,harvest,Harvest before pre-monsoon thunderstorms (Chaitra); hailstorm risk peaks in late March–April.,मनसुनअघिको हावाहुरी (चैत) अघि कटानी गर्नुहोस्; चैत–वैशाखमा असिनाको जोखिम बढी हुन्छ।
kailali,wheat,17,harvest,Harvest before pre-monsoon thunderstorms (Chaitra); hailstorm risk peaks in late March–April.,मनसुनअघिको हावाहुरी (चैत) अघि कटानी गर्नुहोस्; चैत–वैशाखमा असिनाको जोखिम बढी हुन्छ।
kailali,wheat,18,post-harvest,"Dry, grade and store produce properly; hermetic bags reduce storage pest losses.","उपज राम्ररी सुकाएर, छानेर भण्डारण गर्नुहोस्; हावा नछिर्ने बोराले भण्डारण कीराको क्षति घटाउँछ।"
kailali,wheat,19,post-harvest,"Dry, grade and store produce properly; hermetic bags reduce storage pest losses.","उपज राम्ररी सुकाएर, छानेर भण्डारण गर्नुहोस्; हावा नछिर्ने बोराले भण्डारण कीराको क्षति घटाउँछ।"
kailali,wheat,20,post-harvest,"Dry, grade and store produce properly; hermetic bags reduce storage pest losses.","उपज राम्ररी सुकाएर, छानेर भण्डारण गर्नुहोस्; हावा नछिर्ने बोराले भण्डारण कीराको क्षति घटाउँछ।"
kailali,wheat,21,fallow,"Field resting period — good time for green manuring, soil testing and bund repair.","खेत बाँझो रहने समय — हरियो मल, माटो परीक्षण र आली मर्मतका लागि उपयुक्त समय।"
kailali,wheat,22,fallow,"Field resting period — good time for green manuring, soil testing and bund repair.","खेत बाँझो रहने समय — हरियो मल, माटो परीक्षण र आली मर्मतका लागि उपयुक्त समय।"
kailali,wheat,23,fallow,"Field resting period — good time for green manuring, soil testing and bund repair.","खेत बाँझो रहने समय — हरियो मल, माटो परीक्षण र आली मर्मतका लागि उपयुक्त समय।"
kailali,wheat,24,fallow,"Field resting period — good time for green manuring, soil testing and bund repair.","खेत बाँझो रहने समय — हरियो मल, माटो परीक्षण र आली मर्मतका लागि उपयुक्त समय।"
kailali,wheat,25,fallow,"Field resting period — good time for green manuring, soil testing and bund repair.","खेत बाँझो रहने समय — हरियो मल, माटो परीक्षण र आली मर्मतका लागि उपयुक्त समय।"
kailali,wheat,26,fallow,"Field resting period — good time for green manuring, soil testing and bund repair.","खेत बाँझो रहने समय — हरियो मल, माटो परीक्षण र आली मर्मतका लागि उपयुक्त समय।"
kailali,wheat,27,fallow,"Field resting period — good time for green manuring, soil testing and bund repair.","खेत बाँझो रहने समय — हरियो मल, माटो परीक्षण र आली मर्मतका लागि उपयुक्त समय।"
kailali,wheat,28,fallow,"Field resting period — good time for green manuring, soil testing and bund repair.","खेत बाँझो रहने समय — हरियो मल, माटो परीक्षण र आली मर्मतका लागि उपयुक्त समय।"
kailali,wheat,29,fallow,"Field resting period — good time for green manuring, soil testing and bund repair.","खेत बाँझो रहने समय — हरियो मल, माटो परीक्षण र आली मर्मतका लागि उपयुक्त समय।"
kailali,wheat,30,fallow,"Field resting period — good time for green manuring, soil testing and bund repair.","खेत बाँझो रहने समय — हरियो मल, माटो परीक्षण र आली मर्मतका लागि उपयुक्त समय।"
kailali,wheat,31,fallow,"Field resting period — good time for green manuring, soil testing and bund repair.","खेत बाँझो रहने समय — हरियो मल, माटो परीक्षण र आली मर्मतका लागि उपयुक्त समय।"
kailali,wheat,32,fallow,"Field resting period — good time for green manuring, soil testing and bund repair.","खेत बाँझो रहने समय — हरियो मल, माटो परीक्षण र आली मर्मतका लागि उपयुक्त समय।"
kailali,wheat,33,fallow,"Field resting period — good time for green manuring, soil testing and bund repair.","खेत बाँझो रहने समय — हरियो मल, माटो परीक्षण र आली मर्मतका लागि उपयुक्त समय।"
kailali,wheat,34,fallow,"Field resting period — good time for green manuring, soil testing and bund repair.","खेत बाँझो रहने समय — हरियो मल, माटो परीक्षण र आली मर्मतका लागि उपयुक्त समय।"
kailali,wheat,35,fallow,"Field resting period — good time for green manuring, soil testing and bund repair.","खेत बाँझो रहने समय — हरियो मल, माटो परीक्षण र आली मर्मतका लागि उपयुक्त समय।"
kailali,wheat,36,fallow,"Field resting period — good time for green manuring, soil testing and bund repair.","खेत बाँझो रहने समय — हरियो मल, माटो परीक्षण र आली मर्मतका लागि उपयुक्त समय।"
kailali,wheat,37,fallow,"Field resting period — good time for green manuring, soil testing and bund repair.","खेत बाँझो रहने समय — हरियो मल, माटो परीक्षण र आली मर्मतका लागि उपयुक्त समय।"
kailali,wheat,38,fallow,"Field resting period — good time for green manuring, soil testing and bund repair.","खेत बाँझो रहने समय — हरियो मल, माटो परीक्षण र आली मर्मतका लागि उपयुक्त समय।"
kailali,wheat,39,fallow,"Field resting period — good time for green manuring, soil testing and bund repair.","खेत बाँझो रहने समय — हरियो मल, माटो परीक्षण र आली मर्मतका लागि उपयुक्त समय।"
kailali,wheat,40,fallow,"Field resting period — good time for green manuring, soil testing and bund repair.","खेत बाँझो रहने समय — हरियो मल, माटो परीक्षण र आली मर्मतका लागि उपयुक्त समय।"
kailali,wheat,41,fallow,"Field resting period — good time for green manuring, soil testing and bund repair.","खेत बाँझो रहने समय — हरियो मल, माटो परीक्षण र आली मर्मतका लागि उपयुक्त समय।"
kailali,wheat,42,fallow,"Field resting period — good time for green manuring, soil testing and bund repair.","खेत बाँझो रहने समय — हरियो मल, माटो परीक्षण र आली मर्मतका लागि उपयुक्त समय।"
kailali,wheat,43,fallow,"Field resting period — good time for green manuring, soil testing and bund repair.","खेत बाँझो रहने समय — हरियो मल, माटो परीक्षण र आली मर्मतका लागि उपयुक्त समय।"
kailali,wheat,44,fallow,"Field resting period — good time for green manuring, soil testing and bund repair.","खेत बाँझो रहने समय — हरियो मल, माटो परीक्षण र आली मर्मतका लागि उपयुक्त समय।"
kailali,wheat,45,fallow,"Field resting period — good time for green manuring, soil testing and bund repair.","खेत बाँझो रहने समय — हरियो मल, माटो परीक्षण र आली मर्मतका लागि उपयुक्त समय।"
kailali,wheat,46,land-prep,Prepare fields immediately after paddy harvest; residual moisture reduces first-irrigation need.,धान कटानीलगत्तै खेत तयार गर्नुहोस्; बाँकी चिस्यानले पहिलो सिँचाइको आवश्यकता घटाउँछ।
kailali,wheat,47,land-prep,Prepare fields immediately after paddy harvest; residual moisture reduces first-irrigation need.,धान कटानीलगत्तै खेत तयार गर्नुहोस्; बाँकी चिस्यानले पहिलो सिँचाइको आवश्यकता घटाउँछ।
kailali,wheat,48,sowing,Sow by early December — every week's delay after Mangsir cuts yield; use seed drill where available.,मंसिरको सुरुसम्ममा छर्नुहोस् — त्यसपछिको हरेक हप्ताको ढिलाइले उत्पादन घट्छ; सम्भव भए सिड ड्रिल प्रयोग गर्नुहोस्।
kailali,wheat,49,sowing,Sow by early December — every week's delay after Mangsir cuts yield; use seed drill where available.,मंसिरको सुरुसम्ममा छर्नुहोस् — त्यसपछिको हरेक हप्ताको ढिलाइले उत्पादन घट्छ; सम्भव भए सिड ड्रिल प्रयोग गर्नुहोस्।
kailali,wheat,50,sowing,Sow by early December — every week's delay after Mangsir cuts yield; use seed drill where available.,मंसिरको सुरुसम्ममा छर्नुहोस् — त्यसपछिको हरेक हप्ताको ढिलाइले उत्पादन घट्छ; सम्भव भए सिड ड्रिल प्रयोग गर्नुहोस्।
kailali,wheat,51,sowing,Sow by early December — every week's delay after Mangsir cuts yield; use seed drill where available.,मंसिरको सुरुसम्ममा छर्नुहोस् — त्यसपछिको हरेक हप्ताको ढिलाइले उत्पादन घट्छ; सम्भव भए सिड ड्रिल प्रयोग गर्नुहोस्।
kailali,wheat,52,vegetative,Cold spells and fog are common; irrigate at crown-root initiation (~21 days after sowing).,शीतलहर र कुहिरो सामान्य हो; छरेको करिब २१ दिनपछि (मुख्य जरा बन्ने बेला) सिँचाइ गर्नुहोस्।
kailali,maize,1,fallow,"Field resting period — good time for green manuring, soil testing and bund repair.","खेत बाँझो रहने समय — हरियो मल, माटो परीक्षण र आली मर्मतका लागि उपयुक्त समय।"
kailali,maize,2,fallow,"Field resting period — good time for green manuring, soil testing and bund repair.","खेत बाँझो रहने समय — हरियो मल, माटो परीक्षण र आली मर्मतका लागि उपयुक्त समय।"
kailali,maize,3,fallow,"Field resting period — good time for green manuring, soil testing and bund repair.","खेत बाँझो रहने समय — हरियो मल, माटो परीक्षण र आली मर्मतका लागि उपयुक्त समय।"
kailali,maize,4,fallow,"Field resting period — good time for green manuring, soil testing and bund repair.","खेत बाँझो रहने समय — हरियो मल, माटो परीक्षण र आली मर्मतका लागि उपयुक्त समय।"
kailali,maize,5,fallow,"Field resting period — good time for green manuring, soil testing and bund repair.","खेत बाँझो रहने समय — हरियो मल, माटो परीक्षण र आली मर्मतका लागि उपयुक्त समय।"
kailali,maize,6,fallow,"Field resting period — good time for green manuring, soil testing and bund repair.","खेत बाँझो रहने समय — हरियो मल, माटो परीक्षण र आली मर्मतका लागि उपयुक्त समय।"
kailali,maize,7,fallow,"Field resting period — good time for green manuring, soil testing and bund repair.","खेत बाँझो रहने समय — हरियो मल, माटो परीक्षण र आली मर्मतका लागि उपयुक्त समय।"
kailali,maize,8,land-prep,Ensure good tilth for spring maize; residual winter moisture helps germination.,वसन्ते मकैका लागि माटो राम्रोसँग बुझाउनुहोस्; हिउँदे चिस्यानले उमारमा मद्दत गर्छ।
kailali,maize,9,land-prep,Ensure good tilth for spring maize; residual winter moisture helps germination.,वसन्ते मकैका लागि माटो राम्रोसँग बुझाउनुहोस्; हिउँदे चिस्यानले उमारमा मद्दत गर्छ।
kailali,maize,10,sowing,Sow when soil temperature is rising (Feb–Mar); protect seed from birds and cutworms.,माटोको तापक्रम बढ्दै गर्दा (फागुन–चैत) छर्नुहोस्; चरा र फेदकटुवा कीराबाट बीउ जोगाउनुहोस्।
kailali,maize,11,sowing,Sow when soil temperature is rising (Feb–Mar); protect seed from birds and cutworms.,माटोको तापक्रम बढ्दै गर्दा (फागुन–चैत) छर्नुहोस्; चरा र फेदकटुवा कीराबाट बीउ जोगाउनुहोस्।
kailali,maize,12,sowing,Sow when soil temperature is rising (Feb–Mar); protect seed from birds and cutworms.,माटोको तापक्रम बढ्दै गर्दा (फागुन–चैत) छर्नुहोस्; चरा र फेदकटुवा कीराबाट बीउ जोगाउनुहोस्।
kailali,maize,13,sowing,Sow when soil temperature is rising (Feb–Mar); protect seed from birds and cutworms.,माटोको तापक्रम बढ्दै गर्दा (फागुन–चैत) छर्नुहोस्; चरा र फेदकटुवा कीराबाट बीउ जोगाउनुहोस्।
kailali,maize,14,vegetative,Pre-monsoon dry spells: irrigate at knee-high stage; fall armyworm scouting every week.,मनसुनअघिको खडेरी: घुँडा उचाइमा सिँचाइ गर्नुहोस्; अमेरिकी फौजी कीराको साप्ताहिक निगरानी गर्नुहोस्।
kailali,maize,15,vegetative,Pre-monsoon dry spells: irrigate at knee-high stage; fall armyworm scouting every week.,मनसुनअघिको खडेरी: घुँडा उचाइमा सिँचाइ गर्नुहोस्; अमेरिकी फौजी कीराको साप्ताहिक निगरानी गर्नुहोस्।
kailali,maize,16,vegetative,Pre-monsoon dry spells: irrigate at knee-high stage; fall armyworm scouting every week.,मनसुनअघिको खडेरी: घुँडा उचाइमा सिँचाइ गर्नुहोस्; अमेरिकी फौजी कीराको साप्ताहिक निगरानी गर्नुहोस्।
kailali,maize,17,vegetative,Pre-monsoon dry spells: irrigate at knee-high stage; fall armyworm scouting every week.,मनसुनअघिको खडेरी: घुँडा उचाइमा सिँचाइ गर्नुहोस्; अमेरिकी फौजी कीराको साप्ताहिक निगरानी गर्नुहोस्।
kailali,maize,18,vegetative,Pre-monsoon dry spells: irrigate at knee-high stage; fall armyworm scouting every week.,मनसुनअघिको खडेरी: घुँडा उचाइमा सिँचाइ गर्नुहोस्; अमेरिकी फौजी कीराको साप्ताहिक निगरानी गर्नुहोस्।
kailali,maize,19,vegetative,Pre-monsoon dry spells: irrigate at knee-high stage; fall armyworm scouting every week.,मनसुनअघिको खडेरी: घुँडा उचाइमा सिँचाइ गर्नुहोस्; अमेरिकी फौजी कीराको साप्ताहिक निगरानी गर्नुहोस्।
kailali,maize,20,flowering,Tasseling–silking is the most drought-sensitive window; a single missed irrigation can halve yield.,जुँगा निस्कने बेला खडेरीप्रति सबैभन्दा संवेदनशील समय हो; एक पटक सिँचाइ छुटे उत्पादन आधा घट्न सक्छ।
kailali,maize,21,flowering,Tasseling–silking is the most drought-sensitive window; a single missed irrigation can halve yield.,जुँगा निस्कने बेला खडेरीप्रति सबैभन्दा संवेदनशील समय हो; एक पटक सिँचाइ छुटे उत्पादन आधा घट्न सक्छ।
kailali,maize,22,flowering,Tasseling–silking is the most drought-sensitive window; a single missed irrigation can halve yield.,जुँगा निस्कने बेला खडेरीप्रति सबैभन्दा संवेदनशील समय हो; एक पटक सिँचाइ छुटे उत्पादन आधा घट्न सक्छ।
kailali,maize,23,grain-fill,Early monsoon storms can lodge tall crops; earth-up rows for anchorage.,मनसुन सुरुका हुरीले अग्लो बाली ढाल्न सक्छ; बोटलाई माटो चढाउनुहोस्।
kailali,maize,24,grain-fill,Early monsoon storms can lodge tall crops; earth-up rows for anchorage.,मनसुन सुरुका हुरीले अग्लो बाली ढाल्न सक्छ; बोटलाई माटो चढाउनुहोस्।
kailali,maize,25,grain-fill,Early monsoon storms can lodge tall crops; earth-up rows for anchorage.,मनसुन सुरुका हुरीले अग्लो बाली ढाल्न सक्छ; बोटलाई माटो चढाउनुहोस्।
kailali,maize,26,harvest,Harvest before peak monsoon; dry cobs to below 14% moisture to avoid aflatoxin.,मनसुन चरममा पुग्नुअघि भित्र्याउनुहोस्; ढुसी (एफ्लाटक्सिन) बाट जोगाउन घोगा १४% भन्दा कम चिस्यानसम्म सुकाउनुहोस्।
kailali,maize,27,harvest,Harvest before peak monsoon; dry cobs to below 14% moisture to avoid aflatoxin.,मनसुन चरममा पुग्नुअघि भित्र्याउनुहोस्; ढुसी (एफ्लाटक्सिन) बाट जोगाउन घोगा १४% भन्दा कम चिस्यानसम्म सुकाउनुहोस्।
kailali,maize,28,harvest,Harvest before peak monsoon; dry cobs to below 14% moisture to avoid aflatoxin.,मनसुन चरममा पुग्नुअघि भित्र्याउनुहोस्; ढुसी (एफ्लाटक्सिन) बाट जोगाउन घोगा १४% भन्दा कम चिस्यानसम्म सुकाउनुहोस्।
kailali,maize,29,post-harvest,"Dry, grade and store produce properly; hermetic bags reduce storage pest losses.","उपज राम्ररी सुकाएर, छानेर भण्डारण गर्नुहोस्; हावा नछिर्ने बोराले भण्डारण कीराको क्षति घटाउँछ।"
kailali,maize,30,post-harvest,"Dry, grade and store produce properly; hermetic bags reduce storage pest losses.","उपज राम्ररी सुकाएर, छानेर भण्डारण गर्नुहोस्; हावा नछिर्ने बोराले भण्डारण कीराको क्षति घटाउँछ।"
kailali,maize,31,post-harvest,"Dry, grade and store produce properly; hermetic bags reduce storage pest losses.","उपज राम्ररी सुकाएर, छानेर भण्डारण गर्नुहोस्; हावा नछिर्ने बोराले भण्डारण कीराको क्षति घटाउँछ।"
kailali,maize,32,fallow,"Field resting period — good time for green manuring, soil testing and bund repair.","खेत बाँझो रहने समय — हरियो मल, माटो परीक्षण र आली मर्मतका लागि उपयुक्त समय।"
kailali,maize,33,fallow,"Field resting period — good time for green manuring, soil testing and bund repair.","खेत बाँझो रहने समय — हरियो मल, माटो परीक्षण र आली मर्मतका लागि उपयुक्त समय।"
kailali,maize,34,fallow,"Field resting period — good time for green manuring, soil testing and bund repair.","खेत बाँझो रहने समय — हरियो मल, माटो परीक्षण र आली मर्मतका लागि उपयुक्त समय।"
kailali,maize,35,fallow,"Field resting period — good time for green manuring, soil testing and bund repair.","खेत बाँझो रहने समय — हरियो मल, माटो परीक्षण र आली मर्मतका लागि उपयुक्त समय।"
kailali,maize,36,fallow,"Field resting period — good time for green manuring, soil testing and bund repair.","खेत बाँझो रहने समय — हरियो मल, माटो परीक्षण र आली मर्मतका लागि उपयुक्त समय।"
kailali,maize,37,fallow,"Field resting period — good time for green manuring, soil testing and bund repair.","खेत बाँझो रहने समय — हरियो मल, माटो परीक्षण र आली मर्मतका लागि उपयुक्त समय।"
kailali,maize,38,fallow,"Field resting period — good time for green manuring, soil testing and bund repair.","खेत बाँझो रहने समय — हरियो मल, माटो परीक्षण र आली मर्मतका लागि उपयुक्त समय।"
kailali,maize,39,fallow,"Field resting period — good time for green manuring, soil testing and bund repair.","खेत बाँझो रहने समय — हरियो मल, माटो परीक्षण र आली मर्मतका लागि उपयुक्त समय।"
kailali,maize,40,fallow,"Field resting period — good time for green manuring, soil testing and bund repair.","खेत बाँझो रहने समय — हरियो मल, माटो परीक्षण र आली मर्मतका लागि उपयुक्त समय।"
kailali,maize,41,fallow,"Field resting period — good time for green manuring, soil testing and bund repair.","खेत बाँझो रहने समय — हरियो मल, माटो परीक्षण र आली मर्मतका लागि उपयुक्त समय।"
kailali,maize,42,fallow,"Field resting period — good time for green manuring, soil testing and bund repair.","खेत बाँझो रहने समय — हरियो मल, माटो परीक्षण र आली मर्मतका लागि उपयुक्त समय।"
kailali,maize,43,fallow,"Field resting period — good time for green manuring, soil testing and bund repair.","खेत बाँझो रहने समय — हरियो मल, माटो परीक्षण र आली मर्मतका लागि उपयुक्त समय।"
kailali,maize,44,fallow,"Field resting period — good time for green manuring, soil testing and bund repair.","खेत बाँझो रहने समय — हरियो मल, माटो परीक्षण र आली मर्मतका लागि उपयुक्त समय।"
kailali,maize,45,fallow,"Field resting period — good time for green manuring, soil testing and bund repair.","खेत बाँझो रहने समय — हरियो मल, माटो परीक्षण र आली मर्मतका लागि उपयुक्त समय।"
kailali,maize,46,fallow,"Field resting period — good time for green manuring, soil testing and bund repair.","खेत बाँझो रहने समय — हरियो मल, माटो परीक्षण र आली मर्मतका लागि उपयुक्त समय।"
kailali,maize,47,fallow,"Field resting period — good time for green manuring, soil testing and bund repair.","खेत बाँझो रहने समय — हरियो मल, माटो परीक्षण र आली मर्मतका लागि उपयुक्त समय।"
kailali,maize,48,fallow,"Field resting period — good time for green manuring, soil testing and bund repair.","खेत बाँझो रहने समय — हरियो मल, माटो परीक्षण र आली मर्मतका लागि उपयुक्त समय।"
kailali,maize,49,fallow,"Field resting period — good time for green manuring, soil testing and bund repair.","खेत बाँझो रहने समय — हरियो मल, माटो परीक्षण र आली मर्मतका लागि उपयुक्त समय।"
kailali,maize,50,fallow,"Field resting period — good time for green manuring, soil testing and bund repair.","खेत बाँझो रहने समय — हरियो मल, माटो परीक्षण र आली मर्मतका लागि उपयुक्त समय।"
kailali,maize,51,fallow,"Field resting period — good time for green manuring, soil testing and bund repair.","खेत बाँझो रहने समय — हरियो मल, माटो परीक्षण र आली मर्मतका लागि उपयुक्त समय।"
kailali,maize,52,fallow,"Field resting period — good time for green manuring, soil testing and bund repair.","खेत बाँझो रहने समय — हरियो मल, माटो परीक्षण र आली मर्मतका लागि उपयुक्त समय।"
kailali,mustard,1,grain-fill,Unseasonal winter rain causes pod shattering and disease; drain standing water quickly.,बेमौसमी हिउँदे वर्षाले कोसा फुट्ने र रोग लाग्ने हुन्छ; जमेको पानी तुरुन्त निकास गर्नुहोस्।
kailali,mustard,2,grain-fill,Unseasonal winter rain causes pod shattering and disease; drain standing water quickly.,बेमौसमी हिउँदे वर्षाले कोसा फुट्ने र रोग लाग्ने हुन्छ; जमेको पानी तुरुन्त निकास गर्नुहोस्।
kailali,mustard,3,grain-fill,Unseasonal winter rain causes pod shattering and disease; drain standing water quickly.,बेमौसमी हिउँदे वर्षाले कोसा फुट्ने र रोग लाग्ने हुन्छ; जमेको पानी तुरुन्त निकास गर्नुहोस्।
kailali,mustard,4,grain-fill,Unseasonal winter rain causes pod shattering and disease; drain standing water quickly.,बेमौसमी हिउँदे वर्षाले कोसा फुट्ने र रोग लाग्ने हुन्छ; जमेको पानी तुरुन्त निकास गर्नुहोस्।
kailali,mustard,5,harvest,Harvest when 75% pods turn yellow-brown; over-drying in field shatters seed.,७५% कोसा पहेँलो-खैरो भएपछि काट्नुहोस्; खेतमै धेरै सुकाए बीउ झर्छ।
kailali,mustard,6,harvest,Harvest when 75% pods turn yellow-brown; over-drying in field shatters seed.,७५% कोसा पहेँलो-खैरो भएपछि काट्नुहोस्; खेतमै धेरै सुकाए बीउ झर्छ।
kailali,mustard,7,harvest,Harvest when 75% pods turn yellow-brown; over-drying in field shatters seed.,७५% कोसा पहेँलो-खैरो भएपछि काट्नुहोस्; खेतमै धेरै सुकाए बीउ झर्छ।
kailali,mustard,8,harvest,Harvest when 75% pods turn yellow-brown; over-drying in field shatters seed.,७५% कोसा पहेँलो-खैरो भएपछि काट्नुहोस्; खेतमै धेरै सुकाए बीउ झर्छ।
kailali,mustard,9,post-harvest,"Dry, grade and store produce properly; hermetic bags reduce storage pest losses.","उपज राम्ररी सुकाएर, छानेर भण्डारण गर्नुहोस्; हावा नछिर्ने बोराले भण्डारण कीराको क्षति घटाउँछ।"
kailali,mustard,10,post-harvest,"Dry, grade and store produce properly; hermetic bags reduce storage pest losses.","उपज राम्ररी सुकाएर, छानेर भण्डारण गर्नुहोस्; हावा नछिर्ने बोराले भण्डारण कीराको क्षति घटाउँछ।"
kailali,mustard,11,post-harvest,"Dry, grade and store produce properly; hermetic bags reduce storage pest losses.","उपज राम्ररी सुकाएर, छानेर भण्डारण गर्नुहोस्; हावा नछिर्ने बोराले भण्डारण कीराको क्षति घटाउँछ।"
kailali,mustard,12,fallow,"Field resting period — good time for green manuring, soil testing and bund repair.","खेत बाँझो रहने समय — हरियो मल, माटो परीक्षण र आली मर्मतका लागि उपयुक्त समय।"
kailali,mustard,13,fallow,"Field resting period — good time for green manuring, soil testing and bund repair.","खेत बाँझो रहने समय — हरियो मल, माटो परीक्षण र आली मर्मतका लागि उपयुक्त समय।"
kailali,mustard,14,fallow,"Field resting period — good time for green manuring, soil testing and bund repair.","खेत बाँझो रहने समय — हरियो मल, माटो परीक्षण र आली मर्मतका लागि उपयुक्त समय।"
kailali,mustard,15,fallow,"Field resting period — good time for green manuring, soil testing and bund repair.","खेत बाँझो रहने समय — हरियो मल, माटो परीक्षण र आली मर्मतका लागि उपयुक्त समय।"
kailali,mustard,16,fallow,"Field resting period — good time for green manuring, soil testing and bund repair.","खेत बाँझो रहने समय — हरियो मल, माटो परीक्षण र आली मर्मतका लागि उपयुक्त समय।"
kailali,mustard,17,fallow,"Field resting period — good time for green manuring, soil testing and bund repair.","खेत बाँझो रहने समय — हरियो मल, माटो परीक्षण र आली मर्मतका लागि उपयुक्त समय।"
kailali,mustard,18,fallow,"Field resting period — good time for green manuring, soil testing and bund repair.","खेत बाँझो रहने समय — हरियो मल, माटो परीक्षण र आली मर्मतका लागि उपयुक्त समय।"
kailali,mustard,19,fallow,"Field resting period — good time for green manuring, soil testing and bund repair.","खेत बाँझो रहने समय — हरियो मल, माटो परीक्षण र आली मर्मतका लागि उपयुक्त समय।"
kailali,mustard,20,fallow,"Field resting period — good time for green manuring, soil testing and bund repair.","खेत बाँझो रहने समय — हरियो मल, माटो परीक्षण र आली मर्मतका लागि उपयुक्त समय।"
kailali,mustard,21,fallow,"Field resting period — good time for green manuring, soil testing and bund repair.","खेत बाँझो रहने समय — हरियो मल, माटो परीक्षण र आली मर्मतका लागि उपयुक्त समय।"
kailali,mustard,22,fallow,"Field resting period — good time for green manuring, soil testing and bund repair.","खेत बाँझो रहने समय — हरियो मल, माटो परीक्षण र आली मर्मतका लागि उपयुक्त समय।"
kailali,mustard,23,fallow,"Field resting period — good time for green manuring, soil testing and bund repair.","खेत बाँझो रहने समय — हरियो मल, माटो परीक्षण र आली मर्मतका लागि उपयुक्त समय।"
kailali,mustard,24,fallow,"Field resting period — good time for green manuring, soil testing and bund repair.","खेत बाँझो रहने समय — हरियो मल, माटो परीक्षण र आली मर्मतका लागि उपयुक्त समय।"
kailali,mustard,25,fallow,"Field resting period — good time for green manuring, soil testing and bund repair.","खेत बाँझो रहने समय — हरियो मल, माटो परीक्षण र आली मर्मतका लागि उपयुक्त समय।"
kailali,mustard,26,fallow,"Field resting period — good time for green manuring, soil testing and bund repair.","खेत बाँझो रहने समय — हरियो मल, माटो परीक्षण र आली मर्मतका लागि उपयुक्त समय।"
kailali,mustard,27,fallow,"Field resting period — good time for green manuring, soil testing and bund repair.","खेत बाँझो रहने समय — हरियो मल, माटो परीक्षण र आली मर्मतका लागि उपयुक्त समय।"
kailali,mustard,28,fallow,"Field resting period — good time for green manuring, soil testing and bund repair.","खेत बाँझो रहने समय — हरियो मल, माटो परीक्षण र आली मर्मतका लागि उपयुक्त समय।"
kailali,mustard,29,fallow,"Field resting period — good time for green manuring, soil testing and bund repair.","खेत बाँझो रहने समय — हरियो मल, माटो परीक्षण र आली मर्मतका लागि उपयुक्त समय।"
kailali,mustard,30,fallow,"Field resting period — good time for green manuring, soil testing and bund repair.","खेत बाँझो रहने समय — हरियो मल, माटो परीक्षण र आली मर्मतका लागि उपयुक्त समय।"
kailali,mustard,31,fallow,"Field resting period — good time for green manuring, soil testing and bund repair.","खेत बाँझो रहने समय — हरियो मल, माटो परीक्षण र आली मर्मतका लागि उपयुक्त समय।"
kailali,mustard,32,fallow,"Field resting period — good time for green manuring, soil testing and bund repair.","खेत बाँझो रहने समय — हरियो मल, माटो परीक्षण र आली मर्मतका लागि उपयुक्त समय।"
kailali,mustard,33,fallow,"Field resting period — good time for green manuring, soil testing and bund repair.","खेत बाँझो रहने समय — हरियो मल, माटो परीक्षण र आली मर्मतका लागि उपयुक्त समय।"
kailali,mustard,34,fallow,"Field resting period — good time for green manuring, soil testing and bund repair.","खेत बाँझो रहने समय — हरियो मल, माटो परीक्षण र आली मर्मतका लागि उपयुक्त समय।"
kailali,mustard,35,fallow,"Field resting period — good time for green manuring, soil testing and bund repair.","खेत बाँझो रहने समय — हरियो मल, माटो परीक्षण र आली मर्मतका लागि उपयुक्त समय।"
kailali,mustard,36,fallow,"Field resting period — good time for green manuring, soil testing and bund repair.","खेत बाँझो रहने समय — हरियो मल, माटो परीक्षण र आली मर्मतका लागि उपयुक्त समय।"
kailali,mustard,37,fallow,"Field resting period — good time for green manuring, soil testing and bund repair.","खेत बाँझो रहने समय — हरियो मल, माटो परीक्षण र आली मर्मतका लागि उपयुक्त समय।"
kailali,mustard,38,fallow,"Field resting period — good time for green manuring, soil testing and bund repair.","खेत बाँझो रहने समय — हरियो मल, माटो परीक्षण र आली मर्मतका लागि उपयुक्त समय।"
kailali,mustard,39,fallow,"Field resting period — good time for green manuring, soil testing and bund repair.","खेत बाँझो रहने समय — हरियो मल, माटो परीक्षण र आली मर्मतका लागि उपयुक्त समय।"
kailali,mustard,40,land-prep,Fine tilth needed for small seed; conserve residual monsoon moisture.,सानो बीउका लागि मसिनो माटो चाहिन्छ; मनसुनको बाँकी चिस्यान जोगाउनुहोस्।
kailali,mustard,41,land-prep,Fine tilth needed for small seed; conserve residual monsoon moisture.,सानो बीउका लागि मसिनो माटो चाहिन्छ; मनसुनको बाँकी चिस्यान जोगाउनुहोस्।
kailali,mustard,42,sowing,Sow late September–October with residual moisture; late sowing increases aphid exposure.,असोज–कात्तिकमा बाँकी चिस्यानमै छर्नुहोस्; ढिलो छरे लाही कीराको प्रकोप बढ्छ।
kailali,mustard,43,sowing,Sow late September–October with residual moisture; late sowing increases aphid exposure.,असोज–कात्तिकमा बाँकी चिस्यानमै छर्नुहोस्; ढिलो छरे लाही कीराको प्रकोप बढ्छ।
kailali,mustard,44,sowing,Sow late September–October with residual moisture; late sowing increases aphid exposure.,असोज–कात्तिकमा बाँकी चिस्यानमै छर्नुहोस्; ढिलो छरे लाही कीराको प्रकोप बढ्छ।
kailali,mustard,45,vegetative,Thin to proper spacing; first irrigation ~30 days after sowing if no rain.,उचित दूरीमा बोट पातलो पार्नुहोस्; वर्षा नभए छरेको करिब ३० दिनपछि पहिलो सिँचाइ गर्नुहोस्।
kailali,mustard,46,vegetative,Thin to proper spacing; first irrigation ~30 days after sowing if no rain.,उचित दूरीमा बोट पातलो पार्नुहोस्; वर्षा नभए छरेको करिब ३० दिनपछि पहिलो सिँचाइ गर्नुहोस्।
kailali,mustard,47,vegetative,Thin to proper spacing; first irrigation ~30 days after sowing if no rain.,उचित दूरीमा बोट पातलो पार्नुहोस्; वर्षा नभए छरेको करिब ३० दिनपछि पहिलो सिँचाइ गर्नुहोस्।
kailali,mustard,48,vegetative,Thin to proper spacing; first irrigation ~30 days after sowing if no rain.,उचित दूरीमा बोट पातलो पार्नुहोस्; वर्षा नभए छरेको करिब ३० दिनपछि पहिलो सिँचाइ गर्नुहोस्।
kailali,mustard,49,flowering,Aphid pressure peaks in cool foggy weather; avoid spraying during bee foraging hours.,चिसो कुहिरो लाग्दा लाही कीराको प्रकोप बढ्छ; मौरी चर्ने समयमा विषादी नछर्नुहोस्।
kailali,mustard,50,flowering,Aphid pressure peaks in cool foggy weather; avoid spraying during bee foraging hours.,चिसो कुहिरो लाग्दा लाही कीराको प्रकोप बढ्छ; मौरी चर्ने समयमा विषादी नछर्नुहोस्।
kailali,mustard,51,flowering,Aphid pressure peaks in cool foggy weather; avoid spraying during bee foraging hours.,चिसो कुहिरो लाग्दा लाही कीराको प्रकोप बढ्छ; मौरी चर्ने समयमा विषादी नछर्नुहोस्।
kailali,mustard,52,flowering,Aphid pressure peaks in cool foggy weather; avoid spraying during bee foraging hours.,चिसो कुहिरो लाग्दा लाही कीराको प्रकोप बढ्छ; मौरी चर्ने समयमा विषादी नछर्नुहोस्।
kailali,sugarcane,1,harvest,Harvest Dec–Feb at peak sucrose; crush within 24–48 hours of cutting.,चिनीको मात्रा उच्च हुँदा (पुस–माघ) कटानी गर्नुहोस्; काटेको २४–४८ घण्टाभित्र पेल्नुहोस्।
kailali,sugarcane,2,harvest,Harvest Dec–Feb at peak sucrose; crush within 24–48 hours of cutting.,चिनीको मात्रा उच्च हुँदा (पुस–माघ) कटानी गर्नुहोस्; काटेको २४–४८ घण्टाभित्र पेल्नुहोस्।
kailali,sugarcane,3,harvest,Harvest Dec–Feb at peak sucrose; crush within 24–48 hours of cutting.,चिनीको मात्रा उच्च हुँदा (पुस–माघ) कटानी गर्नुहोस्; काटेको २४–४८ घण्टाभित्र पेल्नुहोस्।
kailali,sugarcane,4,harvest,Harvest Dec–Feb at peak sucrose; crush within 24–48 hours of cutting.,चिनीको मात्रा उच्च हुँदा (पुस–माघ) कटानी गर्नुहोस्; काटेको २४–४८ घण्टाभित्र पेल्नुहोस्।
kailali,sugarcane,5,harvest,Harvest Dec–Feb at peak sucrose; crush within 24–48 hours of cutting.,चिनीको मात्रा उच्च हुँदा (पुस–माघ) कटानी गर्नुहोस्; काटेको २४–४८ घण्टाभित्र पेल्नुहोस्।
kailali,sugarcane,6,harvest,Harvest Dec–Feb at peak sucrose; crush within 24–48 hours of cutting.,चिनीको मात्रा उच्च हुँदा (पुस–माघ) कटानी गर्नुहोस्; काटेको २४–४८ घण्टाभित्र पेल्नुहोस्।
kailali,sugarcane,7,harvest,Harvest Dec–Feb at peak sucrose; crush within 24–48 hours of cutting.,चिनीको मात्रा उच्च हुँदा (पुस–माघ) कटानी गर्नुहोस्; काटेको २४–४८ घण्टाभित्र पेल्नुहोस्।
kailali,sugarcane,8,land-prep,Deep ploughing and furrow preparation; plan setts from disease-free nursery.,गहिरो जोताइ र कुलेसो तयारी गर्नुहोस्; रोगमुक्त नर्सरीबाट बीउ टुक्रा (सेट) योजना गर्नुहोस्।
kailali,sugarcane,9,land-prep,Deep ploughing and furrow preparation; plan setts from disease-free nursery.,गहिरो जोताइ र कुलेसो तयारी गर्नुहोस्; रोगमुक्त नर्सरीबाट बीउ टुक्रा (सेट) योजना गर्नुहोस्।
kailali,sugarcane,10,sowing,Plant three-bud setts Feb–Mar; irrigate immediately after planting in dry spring.,फागुन–चैतमा तीन आँख्ला भएका टुक्रा रोप्नुहोस्; सुख्खा वसन्तमा रोपेलगत्तै सिँचाइ गर्नुहोस्।
kailali,sugarcane,11,sowing,Plant three-bud setts Feb–Mar; irrigate immediately after planting in dry spring.,फागुन–चैतमा तीन आँख्ला भएका टुक्रा रोप्नुहोस्; सुख्खा वसन्तमा रोपेलगत्तै सिँचाइ गर्नुहोस्।
kailali,sugarcane,12,sowing,Plant three-bud setts Feb–Mar; irrigate immediately after planting in dry spring.,फागुन–चैतमा तीन आँख्ला भएका टुक्रा रोप्नुहोस्; सुख्खा वसन्तमा रोपेलगत्तै सिँचाइ गर्नुहोस्।
kailali,sugarcane,13,sowing,Plant three-bud setts Feb–Mar; irrigate immediately after planting in dry spring.,फागुन–चैतमा तीन आँख्ला भएका टुक्रा रोप्नुहोस्; सुख्खा वसन्तमा रोपेलगत्तै सिँचाइ गर्नुहोस्।
kailali,sugarcane,14,sowing,Plant three-bud setts Feb–Mar; irrigate immediately after planting in dry spring.,फागुन–चैतमा तीन आँख्ला भएका टुक्रा रोप्नुहोस्; सुख्खा वसन्तमा रोपेलगत्तै सिँचाइ गर्नुहोस्।
kailali,sugarcane,15,vegetative,Tillering and grand growth through monsoon; earth-up and tie canes before storm season.,मनसुनभर गाँज हाल्ने र तीव्र वृद्धि हुन्छ; हुरी मौसमअघि माटो चढाउने र उखु बाँध्ने काम गर्नुहोस्।
kailali,sugarcane,16,vegetative,Tillering and grand growth through monsoon; earth-up and tie canes before storm season.,मनसुनभर गाँज हाल्ने र तीव्र वृद्धि हुन्छ; हुरी मौसमअघि माटो चढाउने र उखु बाँध्ने काम गर्नुहोस्।
kailali,sugarcane,17,vegetative,Tillering and grand growth through monsoon; earth-up and tie canes before storm season.,मनसुनभर गाँज हाल्ने र तीव्र वृद्धि हुन्छ; हुरी मौसमअघि माटो चढाउने र उखु बाँध्ने काम गर्नुहोस्।
kailali,sugarcane,18,vegetative,Tillering and grand growth through monsoon; earth-up and tie canes before storm season.,मनसुनभर गाँज हाल्ने र तीव्र वृद्धि हुन्छ; हुरी मौसमअघि माटो चढाउने र उखु बाँध्ने काम गर्नुहोस्।
kailali,sugarcane,19,vegetative,Tillering and grand growth through monsoon; earth-up and tie canes before storm season.,मनसुनभर गाँज हाल्ने र तीव्र वृद्धि हुन्छ; हुरी मौसमअघि माटो चढाउने र उखु बाँध्ने काम गर्नुहोस्।
kailali,sugarcane,20,vegetative,Tillering and grand growth through monsoon; earth-up and tie canes before storm season.,मनसुनभर गाँज हाल्ने र तीव्र वृद्धि हुन्छ; हुरी मौसमअघि माटो चढाउने र उखु बाँध्ने काम गर्नुहोस्।
kailali,sugarcane,21,vegetative,Tillering and grand growth through monsoon; earth-up and tie canes before storm season.,मनसुनभर गाँज हाल्ने र तीव्र वृद्धि हुन्छ; हुरी मौसमअघि माटो चढाउने र उखु बाँध्ने काम गर्नुहोस्।
kailali,sugarcane,22,vegetative,Tillering and grand growth through monsoon; earth-up and tie canes before storm season.,मनसुनभर गाँज हाल्ने र तीव्र वृद्धि हुन्छ; हुरी मौसमअघि माटो चढाउने र उखु बाँध्ने काम गर्नुहोस्।
kailali,sugarcane,23,vegetative,Tillering and grand growth through monsoon; earth-up and tie canes before storm season.,मनसुनभर गाँज हाल्ने र तीव्र वृद्धि हुन्छ; हुरी मौसमअघि माटो चढाउने र उखु बाँध्ने काम गर्नुहोस्।
kailali,sugarcane,24,vegetative,Tillering and grand growth through monsoon; earth-up and tie canes before storm season.,मनसुनभर गाँज हाल्ने र तीव्र वृद्धि हुन्छ; हुरी मौसमअघि माटो चढाउने र उखु बाँध्ने काम गर्नुहोस्।
kailali,sugarcane,25,vegetative,Tillering and grand growth through monsoon; earth-up and tie canes before storm season.,मनसुनभर गाँज हाल्ने र तीव्र वृद्धि हुन्छ; हुरी मौसमअघि माटो चढाउने र उखु बाँध्ने काम गर्नुहोस्।
kailali,sugarcane,26,vegetative,Tillering and grand growth through monsoon; earth-up and tie canes before storm season.,मनसुनभर गाँज हाल्ने र तीव्र वृद्धि हुन्छ; हुरी मौसमअघि माटो चढाउने र उखु बाँध्ने काम गर्नुहोस्।
kailali,sugarcane,27,vegetative,Tillering and grand growth through monsoon; earth-up and tie canes before storm season.,मनसुनभर गाँज हाल्ने र तीव्र वृद्धि हुन्छ; हुरी मौसमअघि माटो चढाउने र उखु बाँध्ने काम गर्नुहोस्।
kailali,sugarcane,28,vegetative,Tillering and grand growth through monsoon; earth-up and tie canes before storm season.,मनसुनभर गाँज हाल्ने र तीव्र वृद्धि हुन्छ; हुरी मौसमअघि माटो चढाउने र उखु बाँध्ने काम गर्नुहोस्।
kailali,sugarcane,29,vegetative,Tillering and grand growth through monsoon; earth-up and tie canes before storm season.,मनसुनभर गाँज हाल्ने र तीव्र वृद्धि हुन्छ; हुरी मौसमअघि माटो चढाउने र उखु बाँध्ने काम गर्नुहोस्।
kailali,sugarcane,30,vegetative,Tillering and grand growth through monsoon; earth-up and tie canes before storm season.,मनसुनभर गाँज हाल्ने र तीव्र वृद्धि हुन्छ; हुरी मौसमअघि माटो चढाउने र उखु बाँध्ने काम गर्नुहोस्।
kailali,sugarcane,31,vegetative,Tillering and grand growth through monsoon; earth-up and tie canes before storm season.,मनसुनभर गाँज हाल्ने र तीव्र वृद्धि हुन्छ; हुरी मौसमअघि माटो चढाउने र उखु बाँध्ने काम गर्नुहोस्।
kailali,sugarcane,32,vegetative,Tillering and grand growth through monsoon; earth-up and tie canes before storm season.,मनसुनभर गाँज हाल्ने र तीव्र वृद्धि हुन्छ; हुरी मौसमअघि माटो चढाउने र उखु बाँध्ने काम गर्नुहोस्।
kailali,sugarcane,33,grain-fill,Sucrose accumulation improves with cool dry autumn; stop irrigation 2–3 weeks before harvest.,चिसो सुख्खा शरदमा चिनीको मात्रा बढ्छ; कटानीको २–३ हप्ताअघि सिँचाइ रोक्नुहोस्।
kailali,sugarcane,34,grain-fill,Sucrose accumulation improves with cool dry autumn; stop irrigation 2–3 weeks before harvest.,चिसो सुख्खा शरदमा चिनीको मात्रा बढ्छ; कटानीको २–३ हप्ताअघि सिँचाइ रोक्नुहोस्।
kailali,sugarcane,35,grain-fill,Sucrose accumulation improves with cool dry autumn; stop irrigation 2–3 weeks before harvest.,चिसो सुख्खा शरदमा चिनीको मात्रा बढ्छ; कटानीको २–३ हप्ताअघि सिँचाइ रोक्नुहोस्।
kailali,sugarcane,36,grain-fill,Sucrose accumulation improves with cool dry autumn; stop irrigation 2–3 weeks before harvest.,चिसो सुख्खा शरदमा चिनीको मात्रा बढ्छ; कटानीको २–३ हप्ताअघि सिँचाइ रोक्नुहोस्।
kailali,sugarcane,37,grain-fill,Sucrose accumulation improves with cool dry autumn; stop irrigation 2–3 weeks before harvest.,चिसो सुख्खा शरदमा चिनीको मात्रा बढ्छ; कटानीको २–३ हप्ताअघि सिँचाइ रोक्नुहोस्।
kailali,sugarcane,38,grain-fill,Sucrose accumulation improves with cool dry autumn; stop irrigation 2–3 weeks before harvest.,चिसो सुख्खा शरदमा चिनीको मात्रा बढ्छ; कटानीको २–३ हप्ताअघि सिँचाइ रोक्नुहोस्।
kailali,sugarcane,39,grain-fill,Sucrose accumulation improves with cool dry autumn; stop irrigation 2–3 weeks before harvest.,चिसो सुख्खा शरदमा चिनीको मात्रा बढ्छ; कटानीको २–३ हप्ताअघि सिँचाइ रोक्नुहोस्।
kailali,sugarcane,40,grain-fill,Sucrose accumulation improves with cool dry autumn; stop irrigation 2–3 weeks before harvest.,चिसो सुख्खा शरदमा चिनीको मात्रा बढ्छ; कटानीको २–३ हप्ताअघि सिँचाइ रोक्नुहोस्।
kailali,sugarcane,41,grain-fill,Sucrose accumulation improves with cool dry autumn; stop irrigation 2–3 weeks before harvest.,चिसो सुख्खा शरदमा चिनीको मात्रा बढ्छ; कटानीको २–३ हप्ताअघि सिँचाइ रोक्नुहोस्।
kailali,sugarcane,42,grain-fill,Sucrose accumulation improves with cool dry autumn; stop irrigation 2–3 weeks before harvest.,चिसो सुख्खा शरदमा चिनीको मात्रा बढ्छ; कटानीको २–३ हप्ताअघि सिँचाइ रोक्नुहोस्।
kailali,sugarcane,43,grain-fill,Sucrose accumulation improves with cool dry autumn; stop irrigation 2–3 weeks before harvest.,चिसो सुख्खा शरदमा चिनीको मात्रा बढ्छ; कटानीको २–३ हप्ताअघि सिँचाइ रोक्नुहोस्।
kailali,sugarcane,44,grain-fill,Sucrose accumulation improves with cool dry autumn; stop irrigation 2–3 weeks before harvest.,चिसो सुख्खा शरदमा चिनीको मात्रा बढ्छ; कटानीको २–३ हप्ताअघि सिँचाइ रोक्नुहोस्।
kailali,sugarcane,45,grain-fill,Sucrose accumulation improves with cool dry autumn; stop irrigation 2–3 weeks before harvest.,चिसो सुख्खा शरदमा चिनीको मात्रा बढ्छ; कटानीको २–३ हप्ताअघि सिँचाइ रोक्नुहोस्।
kailali,sugarcane,46,grain-fill,Sucrose accumulation improves with cool dry autumn; stop irrigation 2–3 weeks before harvest.,चिसो सुख्खा शरदमा चिनीको मात्रा बढ्छ; कटानीको २–३ हप्ताअघि सिँचाइ रोक्नुहोस्।
kailali,sugarcane,47,grain-fill,Sucrose accumulation improves with cool dry autumn; stop irrigation 2–3 weeks before harvest.,चिसो सुख्खा शरदमा चिनीको मात्रा बढ्छ; कटानीको २–३ हप्ताअघि सिँचाइ रोक्नुहोस्।
kailali,sugarcane,48,grain-fill,Sucrose accumulation improves with cool dry autumn; stop irrigation 2–3 weeks before harvest.,चिसो सुख्खा शरदमा चिनीको मात्रा बढ्छ; कटानीको २–३ हप्ताअघि सिँचाइ रोक्नुहोस्।
kailali,sugarcane,49,grain-fill,Sucrose accumulation improves with cool dry autumn; stop irrigation 2–3 weeks before harvest.,चिसो सुख्खा शरदमा चिनीको मात्रा बढ्छ; कटानीको २–३ हप्ताअघि सिँचाइ रोक्नुहोस्।
kailali,sugarcane,50,grain-fill,Sucrose accumulation improves with cool dry autumn; stop irrigation 2–3 weeks before harvest.,चिसो सुख्खा शरदमा चिनीको मात्रा बढ्छ; कटानीको २–३ हप्ताअघि सिँचाइ रोक्नुहोस्।
kailali,sugarcane,51,harvest,Harvest Dec–Feb at peak sucrose; crush within 24–48 hours of cutting.,चिनीको मात्रा उच्च हुँदा (पुस–माघ) कटानी गर्नुहोस्; काटेको २४–४८ घण्टाभित्र पेल्नुहोस्।
kailali,sugarcane,52,harvest,Harvest Dec–Feb at peak sucrose; crush within 24–48 hours of cutting.,चिनीको मात्रा उच्च हुँदा (पुस–माघ) कटानी गर्नुहोस्; काटेको २४–४८ घण्टाभित्र पेल्नुहोस्।
kailali,potato,1,vegetative,Earth-up twice; late blight risk spikes with fog and drizzle — prophylactic spray on forecast.,दुई पटक माटो चढाउनुहोस्; कुहिरो र सिमसिम पानीले डढुवा रोगको जोखिम बढाउँछ — पूर्वानुमान हेरी अग्रिम छर्काव गर्नुहोस्।
kailali,potato,2,vegetative,Earth-up twice; late blight risk spikes with fog and drizzle — prophylactic spray on forecast.,दुई पटक माटो चढाउनुहोस्; कुहिरो र सिमसिम पानीले डढुवा रोगको जोखिम बढाउँछ — पूर्वानुमान हेरी अग्रिम छर्काव गर्नुहोस्।
kailali,potato,3,grain-fill,Tuber bulking: keep soil evenly moist; frost on clear January nights can scorch foliage.,दाना बढ्ने बेला: माटो एकनासले ओसिलो राख्नुहोस्; माघको सफा रातको तुषारोले पात डढाउन सक्छ।
kailali,potato,4,grain-fill,Tuber bulking: keep soil evenly moist; frost on clear January nights can scorch foliage.,दाना बढ्ने बेला: माटो एकनासले ओसिलो राख्नुहोस्; माघको सफा रातको तुषारोले पात डढाउन सक्छ।
kailali,potato,5,grain-fill,Tuber bulking: keep soil evenly moist; frost on clear January nights can scorch foliage.,दाना बढ्ने बेला: माटो एकनासले ओसिलो राख्नुहोस्; माघको सफा रातको तुषारोले पात डढाउन सक्छ।
kailali,potato,6,grain-fill,Tuber bulking: keep soil evenly moist; frost on clear January nights can scorch foliage.,दाना बढ्ने बेला: माटो एकनासले ओसिलो राख्नुहोस्; माघको सफा रातको तुषारोले पात डढाउन सक्छ।
kailali,potato,7,grain-fill,Tuber bulking: keep soil evenly moist; frost on clear January nights can scorch foliage.,दाना बढ्ने बेला: माटो एकनासले ओसिलो राख्नुहोस्; माघको सफा रातको तुषारोले पात डढाउन सक्छ।
kailali,potato,8,harvest,"Dehaulm 10–14 days before digging for skin set; cure in shade, never in direct sun.","बोक्रा बस्नका लागि खन्नुभन्दा १०–१४ दिनअघि झ्याङ काट्नुहोस्; छहारीमा सुकाउनुहोस्, घाममा कहिल्यै होइन।"
kailali,potato,9,harvest,"Dehaulm 10–14 days before digging for skin set; cure in shade, never in direct sun.","बोक्रा बस्नका लागि खन्नुभन्दा १०–१४ दिनअघि झ्याङ काट्नुहोस्; छहारीमा सुकाउनुहोस्, घाममा कहिल्यै होइन।"
kailali,potato,10,harvest,"Dehaulm 10–14 days before digging for skin set; cure in shade, never in direct sun.","बोक्रा बस्नका लागि खन्नुभन्दा १०–१४ दिनअघि झ्याङ काट्नुहोस्; छहारीमा सुकाउनुहोस्, घाममा कहिल्यै होइन।"
kailali,potato,11,harvest,"Dehaulm 10–14 days before digging for skin set; cure in shade, never in direct sun.","बोक्रा बस्नका लागि खन्नुभन्दा १०–१४ दिनअघि झ्याङ काट्नुहोस्; छहारीमा सुकाउनुहोस्, घाममा कहिल्यै होइन।"
kailali,potato,12,harvest,"Dehaulm 10–14 days before digging for skin set; cure in shade, never in direct sun.","बोक्रा बस्नका लागि खन्नुभन्दा १०–१४ दिनअघि झ्याङ काट्नुहोस्; छहारीमा सुकाउनुहोस्, घाममा कहिल्यै होइन।"
kailali,potato,13,post-harvest,"Dry, grade and store produce properly; hermetic bags reduce storage pest losses.","उपज राम्ररी सुकाएर, छानेर भण्डारण गर्नुहोस्; हावा नछिर्ने बोराले भण्डारण कीराको क्षति घटाउँछ।"
kailali,potato,14,post-harvest,"Dry, grade and store produce properly; hermetic bags reduce storage pest losses.","उपज राम्ररी सुकाएर, छानेर भण्डारण गर्नुहोस्; हावा नछिर्ने बोराले भण्डारण कीराको क्षति घटाउँछ।"
kailali,potato,15,post-harvest,"Dry, grade and store produce properly; hermetic bags reduce storage pest losses.","उपज राम्ररी सुकाएर, छानेर भण्डारण गर्नुहोस्; हावा नछिर्ने बोराले भण्डारण कीराको क्षति घटाउँछ।"
kailali,potato,16,fallow,"Field resting period — good time for green manuring, soil testing and bund repair.","खेत बाँझो रहने समय — हरियो मल, माटो परीक्षण र आली मर्मतका लागि उपयुक्त समय।"
kailali,potato,17,fallow,"Field resting period — good time for green manuring, soil testing and bund repair.","खेत बाँझो रहने समय — हरियो मल, माटो परीक्षण र आली मर्मतका लागि उपयुक्त समय।"
kailali,potato,18,fallow,"Field resting period — good time for green manuring, soil testing and bund repair.","खेत बाँझो रहने समय — हरियो मल, माटो परीक्षण र आली मर्मतका लागि उपयुक्त समय।"
kailali,potato,19,fallow,"Field resting period — good time for green manuring, soil testing and bund repair.","खेत बाँझो रहने समय — हरियो मल, माटो परीक्षण र आली मर्मतका लागि उपयुक्त समय।"
kailali,potato,20,fallow,"Field resting period — good time for green manuring, soil testing and bund repair.","खेत बाँझो रहने समय — हरियो मल, माटो परीक्षण र आली मर्मतका लागि उपयुक्त समय।"
kailali,potato,21,fallow,"Field resting period — good time for green manuring, soil testing and bund repair.","खेत बाँझो रहने समय — हरियो मल, माटो परीक्षण र आली मर्मतका लागि उपयुक्त समय।"
kailali,potato,22,fallow,"Field resting period — good time for green manuring, soil testing and bund repair.","खेत बाँझो रहने समय — हरियो मल, माटो परीक्षण र आली मर्मतका लागि उपयुक्त समय।"
kailali,potato,23,fallow,"Field resting period — good time for green manuring, soil testing and bund repair.","खेत बाँझो रहने समय — हरियो मल, माटो परीक्षण र आली मर्मतका लागि उपयुक्त समय।"
kailali,potato,24,fallow,"Field resting period — good time for green manuring, soil testing and bund repair.","खेत बाँझो रहने समय — हरियो मल, माटो परीक्षण र आली मर्मतका लागि उपयुक्त समय।"
kailali,potato,25,fallow,"Field resting period — good time for green manuring, soil testing and bund repair.","खेत बाँझो रहने समय — हरियो मल, माटो परीक्षण र आली मर्मतका लागि उपयुक्त समय।"
kailali,potato,26,fallow,"Field resting period — good time for green manuring, soil testing and bund repair.","खेत बाँझो रहने समय — हरियो मल, माटो परीक्षण र आली मर्मतका लागि उपयुक्त समय।"
kailali,potato,27,fallow,"Field resting period — good time for green manuring, soil testing and bund repair.","खेत बाँझो रहने समय — हरियो मल, माटो परीक्षण र आली मर्मतका लागि उपयुक्त समय।"
kailali,potato,28,fallow,"Field resting period — good time for green manuring, soil testing and bund repair.","खेत बाँझो रहने समय — हरियो मल, माटो परीक्षण र आली मर्मतका लागि उपयुक्त समय।"
kailali,potato,29,fallow,"Field resting period — good time for green manuring, soil testing and bund repair.","खेत बाँझो रहने समय — हरियो मल, माटो परीक्षण र आली मर्मतका लागि उपयुक्त समय।"
kailali,potato,30,fallow,"Field resting period — good time for green manuring, soil testing and bund repair.","खेत बाँझो रहने समय — हरियो मल, माटो परीक्षण र आली मर्मतका लागि उपयुक्त समय।"
kailali,potato,31,fallow,"Field resting period — good time for green manuring, soil testing and bund repair.","खेत बाँझो रहने समय — हरियो मल, माटो परीक्षण र आली मर्मतका लागि उपयुक्त समय।"
kailali,potato,32,fallow,"Field resting period — good time for green manuring, soil testing and bund repair.","खेत बाँझो रहने समय — हरियो मल, माटो परीक्षण र आली मर्मतका लागि उपयुक्त समय।"
kailali,potato,33,fallow,"Field resting period — good time for green manuring, soil testing and bund repair.","खेत बाँझो रहने समय — हरियो मल, माटो परीक्षण र आली मर्मतका लागि उपयुक्त समय।"
kailali,potato,34,fallow,"Field resting period — good time for green manuring, soil testing and bund repair.","खेत बाँझो रहने समय — हरियो मल, माटो परीक्षण र आली मर्मतका लागि उपयुक्त समय।"
kailali,potato,35,fallow,"Field resting period — good time for green manuring, soil testing and bund repair.","खेत बाँझो रहने समय — हरियो मल, माटो परीक्षण र आली मर्मतका लागि उपयुक्त समय।"
kailali,potato,36,fallow,"Field resting period — good time for green manuring, soil testing and bund repair.","खेत बाँझो रहने समय — हरियो मल, माटो परीक्षण र आली मर्मतका लागि उपयुक्त समय।"
kailali,potato,37,fallow,"Field resting period — good time for green manuring, soil testing and bund repair.","खेत बाँझो रहने समय — हरियो मल, माटो परीक्षण र आली मर्मतका लागि उपयुक्त समय।"
kailali,potato,38,fallow,"Field resting period — good time for green manuring, soil testing and bund repair.","खेत बाँझो रहने समय — हरियो मल, माटो परीक्षण र आली मर्मतका लागि उपयुक्त समय।"
kailali,potato,39,fallow,"Field resting period — good time for green manuring, soil testing and bund repair.","खेत बाँझो रहने समय — हरियो मल, माटो परीक्षण र आली मर्मतका लागि उपयुक्त समय।"
kailali,potato,40,fallow,"Field resting period — good time for green manuring, soil testing and bund repair.","खेत बाँझो रहने समय — हरियो मल, माटो परीक्षण र आली मर्मतका लागि उपयुक्त समय।"
kailali,potato,41,fallow,"Field resting period — good time for green manuring, soil testing and bund repair.","खेत बाँझो रहने समय — हरियो मल, माटो परीक्षण र आली मर्मतका लागि उपयुक्त समय।"
kailali,potato,42,land-prep,Prepare ridges after monsoon recedes; well-drained loose soil prevents tuber rot.,मनसुन सकिएपछि ड्याङ बनाउनुहोस्; निकास राम्रो भएको खुकुलो माटोले दाना कुहिनबाट जोगाउँछ।
kailali,potato,43,land-prep,Prepare ridges after monsoon recedes; well-drained loose soil prevents tuber rot.,मनसुन सकिएपछि ड्याङ बनाउनुहोस्; निकास राम्रो भएको खुकुलो माटोले दाना कुहिनबाट जोगाउँछ।
kailali,potato,44,sowing,Plant sprouted seed tubers Oct–Nov; soil moisture at planting is critical for uniform emergence.,टुसा उम्रेका बीउ आलु कात्तिक–मंसिरमा रोप्नुहोस्; एकनासले उम्रन रोप्दा माटोको चिस्यान महत्वपूर्ण छ।
kailali,potato,45,sowing,Plant sprouted seed tubers Oct–Nov; soil moisture at planting is critical for uniform emergence.,टुसा उम्रेका बीउ आलु कात्तिक–मंसिरमा रोप्नुहोस्; एकनासले उम्रन रोप्दा माटोको चिस्यान महत्वपूर्ण छ।
kailali,potato,46,sowing,Plant sprouted seed tubers Oct–Nov; soil moisture at planting is critical for uniform emergence.,टुसा उम्रेका बीउ आलु कात्तिक–मंसिरमा रोप्नुहोस्; एकनासले उम्रन रोप्दा माटोको चिस्यान महत्वपूर्ण छ।
kailali,potato,47,sowing,Plant sprouted seed tubers Oct–Nov; soil moisture at planting is critical for uniform emergence.,टुसा उम्रेका बीउ आलु कात्तिक–मंसिरमा रोप्नुहोस्; एकनासले उम्रन रोप्दा माटोको चिस्यान महत्वपूर्ण छ।
kailali,potato,48,vegetative,Earth-up twice; late blight risk spikes with fog and drizzle — prophylactic spray on forecast.,दुई पटक माटो चढाउनुहोस्; कुहिरो र सिमसिम पानीले डढुवा रोगको जोखिम बढाउँछ — पूर्वानुमान हेरी अग्रिम छर्काव गर्नुहोस्।
kailali,potato,49,vegetative,Earth-up twice; late blight risk spikes with fog and drizzle — prophylactic spray on forecast.,दुई पटक माटो चढाउनुहोस्; कुहिरो र सिमसिम पानीले डढुवा रोगको जोखिम बढाउँछ — पूर्वानुमान हेरी अग्रिम छर्काव गर्नुहोस्।
kailali,potato,50,vegetative,Earth-up twice; late blight risk spikes with fog and drizzle — prophylactic spray on forecast.,दुई पटक माटो चढाउनुहोस्; कुहिरो र सिमसिम पानीले डढुवा रोगको जोखिम बढाउँछ — पूर्वानुमान हेरी अग्रिम छर्काव गर्नुहोस्।
kailali,potato,51,vegetative,Earth-up twice; late blight risk spikes with fog and drizzle — prophylactic spray on forecast.,दुई पटक माटो चढाउनुहोस्; कुहिरो र सिमसिम पानीले डढुवा रोगको जोखिम बढाउँछ — पूर्वानुमान हेरी अग्रिम छर्काव गर्नुहोस्।
kailali,potato,52,vegetative,Earth-up twice; late blight risk spikes with fog and drizzle — prophylactic spray on forecast.,दुई पटक माटो चढाउनुहोस्; कुहिरो र सिमसिम पानीले डढुवा रोगको जोखिम बढाउँछ — पूर्वानुमान हेरी अग्रिम छर्काव गर्नुहोस्।
bardiya,paddy,1,post-harvest,"Dry, grade and store produce properly; hermetic bags reduce storage pest losses.","उपज राम्ररी सुकाएर, छानेर भण्डारण गर्नुहोस्; हावा नछिर्ने बोराले भण्डारण कीराको क्षति घटाउँछ।"
bardiya,paddy,2,fallow,"Field resting period — good time for green manuring, soil testing and bund repair.","खेत बाँझो रहने समय — हरियो मल, माटो परीक्षण र आली मर्मतका लागि उपयुक्त समय।"
bardiya,paddy,3,fallow,"Field resting period — good time for green manuring, soil testing and bund repair.","खेत बाँझो रहने समय — हरियो मल, माटो परीक्षण र आली मर्मतका लागि उपयुक्त समय।"
bardiya,paddy,4,fallow,"Field resting period — good time for green manuring, soil testing and bund repair.","खेत बाँझो रहने समय — हरियो मल, माटो परीक्षण र आली मर्मतका लागि उपयुक्त समय।"
bardiya,paddy,5,fallow,"Field resting period — good time for green manuring, soil testing and bund repair.","खेत बाँझो रहने समय — हरियो मल, माटो परीक्षण र आली मर्मतका लागि उपयुक्त समय।"
bardiya,paddy,6,fallow,"Field resting period — good time for green manuring, soil testing and bund repair.","खेत बाँझो रहने समय — हरियो मल, माटो परीक्षण र आली मर्मतका लागि उपयुक्त समय।"
bardiya,paddy,7,fallow,"Field resting period — good time for green manuring, soil testing and bund repair.","खेत बाँझो रहने समय — हरियो मल, माटो परीक्षण र आली मर्मतका लागि उपयुक्त समय।"
bardiya,paddy,8,fallow,"Field resting period — good time for green manuring, soil testing and bund repair.","खेत बाँझो रहने समय — हरियो मल, माटो परीक्षण र आली मर्मतका लागि उपयुक्त समय।"
bardiya,paddy,9,fallow,"Field resting period — good time for green manuring, soil testing and bund repair.","खेत बाँझो रहने समय — हरियो मल, माटो परीक्षण र आली मर्मतका लागि उपयुक्त समय।"
bardiya,paddy,10,fallow,"Field resting period — good time for green manuring, soil testing and bund repair.","खेत बाँझो रहने समय — हरियो मल, माटो परीक्षण र आली मर्मतका लागि उपयुक्त समय।"
bardiya,paddy,11,fallow,"Field resting period — good time for green manuring, soil testing and bund repair.","खेत बाँझो रहने समय — हरियो मल, माटो परीक्षण र आली मर्मतका लागि उपयुक्त समय।"
bardiya,paddy,12,fallow,"Field resting period — good time for green manuring, soil testing and bund repair.","खेत बाँझो रहने समय — हरियो मल, माटो परीक्षण र आली मर्मतका लागि उपयुक्त समय।"
bardiya,paddy,13,fallow,"Field resting period — good time for green manuring, soil testing and bund repair.","खेत बाँझो रहने समय — हरियो मल, माटो परीक्षण र आली मर्मतका लागि उपयुक्त समय।"
bardiya,paddy,14,fallow,"Field resting period — good time for green manuring, soil testing and bund repair.","खेत बाँझो रहने समय — हरियो मल, माटो परीक्षण र आली मर्मतका लागि उपयुक्त समय।"
bardiya,paddy,15,fallow,"Field resting period — good time for green manuring, soil testing and bund repair.","खेत बाँझो रहने समय — हरियो मल, माटो परीक्षण र आली मर्मतका लागि उपयुक्त समय।"
bardiya,paddy,16,fallow,"Field resting period — good time for green manuring, soil testing and bund repair.","खेत बाँझो रहने समय — हरियो मल, माटो परीक्षण र आली मर्मतका लागि उपयुक्त समय।"
bardiya,paddy,17,fallow,"Field resting period — good time for green manuring, soil testing and bund repair.","खेत बाँझो रहने समय — हरियो मल, माटो परीक्षण र आली मर्मतका लागि उपयुक्त समय।"
bardiya,paddy,18,fallow,"Field resting period — good time for green manuring, soil testing and bund repair.","खेत बाँझो रहने समय — हरियो मल, माटो परीक्षण र आली मर्मतका लागि उपयुक्त समय।"
bardiya,paddy,19,fallow,"Field resting period — good time for green manuring, soil testing and bund repair.","खेत बाँझो रहने समय — हरियो मल, माटो परीक्षण र आली मर्मतका लागि उपयुक्त समय।"
bardiya,paddy,20,fallow,"Field resting period — good time for green manuring, soil testing and bund repair.","खेत बाँझो रहने समय — हरियो मल, माटो परीक्षण र आली मर्मतका लागि उपयुक्त समय।"
bardiya,paddy,21,fallow,"Field resting period — good time for green manuring, soil testing and bund repair.","खेत बाँझो रहने समय — हरियो मल, माटो परीक्षण र आली मर्मतका लागि उपयुक्त समय।"
bardiya,paddy,22,fallow,"Field resting period — good time for green manuring, soil testing and bund repair.","खेत बाँझो रहने समय — हरियो मल, माटो परीक्षण र आली मर्मतका लागि उपयुक्त समय।"
bardiya,paddy,23,land-prep,Prepare bunds and puddle fields; pre-monsoon showers can be erratic — keep nursery seedbeds on higher ground.,आली मर्मत र खेत हिलाउने काम गर्नुहोस्; मनसुनअघिको वर्षा अनियमित हुनसक्छ — बीउ ब्याड अग्लो ठाउँमा राख्नुहोस्।
bardiya,paddy,24,land-prep,Prepare bunds and puddle fields; pre-monsoon showers can be erratic — keep nursery seedbeds on higher ground.,आली मर्मत र खेत हिलाउने काम गर्नुहोस्; मनसुनअघिको वर्षा अनियमित हुनसक्छ — बीउ ब्याड अग्लो ठाउँमा राख्नुहोस्।
bardiya,paddy,25,land-prep,Prepare bunds and puddle fields; pre-monsoon showers can be erratic — keep nursery seedbeds on higher ground.,आली मर्मत र खेत हिलाउने काम गर्नुहोस्; मनसुनअघिको वर्षा अनियमित हुनसक्छ — बीउ ब्याड अग्लो ठाउँमा राख्नुहोस्।
bardiya,paddy,26,sowing,Transplant 20–25 day seedlings with monsoon onset; delayed monsoon may require supplemental irrigation.,मनसुन सुरु भएसँगै २०–२५ दिनका बेर्ना रोप्नुहोस्; मनसुन ढिलो भए थप सिँचाइ आवश्यक पर्न सक्छ।
bardiya,paddy,27,sowing,Transplant 20–25 day seedlings with monsoon onset; delayed monsoon may require supplemental irrigation.,मनसुन सुरु भएसँगै २०–२५ दिनका बेर्ना रोप्नुहोस्; मनसुन ढिलो भए थप सिँचाइ आवश्यक पर्न सक्छ।
bardiya,paddy,28,sowing,Transplant 20–25 day seedlings with monsoon onset; delayed monsoon may require supplemental irrigation.,मनसुन सुरु भएसँगै २०–२५ दिनका बेर्ना रोप्नुहोस्; मनसुन ढिलो भए थप सिँचाइ आवश्यक पर्न सक्छ।
bardiya,paddy,29,sowing,Transplant 20–25 day seedlings with monsoon onset; delayed monsoon may require supplemental irrigation.,मनसुन सुरु भएसँगै २०–२५ दिनका बेर्ना रोप्नुहोस्; मनसुन ढिलो भए थप सिँचाइ आवश्यक पर्न सक्छ।
bardiya,paddy,30,sowing,Transplant 20–25 day seedlings with monsoon onset; delayed monsoon may require supplemental irrigation.,मनसुन सुरु भएसँगै २०–२५ दिनका बेर्ना रोप्नुहोस्; मनसुन ढिलो भए थप सिँचाइ आवश्यक पर्न सक्छ।
bardiya,paddy,31,vegetative,Peak monsoon: watch for flooding in low fields and stem borer after heavy rain.,मनसुनको चरम समय: होचा खेतमा डुबान र भारी वर्षापछि गवारो कीराको निगरानी गर्नुहोस्।
bardiya,paddy,32,vegetative,Peak monsoon: watch for flooding in low fields and stem borer after heavy rain.,मनसुनको चरम समय: होचा खेतमा डुबान र भारी वर्षापछि गवारो कीराको निगरानी गर्नुहोस्।
bardiya,paddy,33,vegetative,Peak monsoon: watch for flooding in low fields and stem borer after heavy rain.,मनसुनको चरम समय: होचा खेतमा डुबान र भारी वर्षापछि गवारो कीराको निगरानी गर्नुहोस्।
bardiya,paddy,34,vegetative,Peak monsoon: watch for flooding in low fields and stem borer after heavy rain.,मनसुनको चरम समय: होचा खेतमा डुबान र भारी वर्षापछि गवारो कीराको निगरानी गर्नुहोस्।
bardiya,paddy,35,vegetative,Peak monsoon: watch for flooding in low fields and stem borer after heavy rain.,मनसुनको चरम समय: होचा खेतमा डुबान र भारी वर्षापछि गवारो कीराको निगरानी गर्नुहोस्।
bardiya,paddy,36,vegetative,Peak monsoon: watch for flooding in low fields and stem borer after heavy rain.,मनसुनको चरम समय: होचा खेतमा डुबान र भारी वर्षापछि गवारो कीराको निगरानी गर्नुहोस्।
bardiya,paddy,37,flowering,Critical water-sensitive stage — do not let fields dry; late-monsoon dry spells reduce grain set.,पानीप्रति अति संवेदनशील चरण — खेत सुक्न नदिनुहोस्; मनसुन अन्त्यको खडेरीले दाना कम लाग्न सक्छ।
bardiya,paddy,38,flowering,Critical water-sensitive stage — do not let fields dry; late-monsoon dry spells reduce grain set.,पानीप्रति अति संवेदनशील चरण — खेत सुक्न नदिनुहोस्; मनसुन अन्त्यको खडेरीले दाना कम लाग्न सक्छ।
bardiya,paddy,39,flowering,Critical water-sensitive stage — do not let fields dry; late-monsoon dry spells reduce grain set.,पानीप्रति अति संवेदनशील चरण — खेत सुक्न नदिनुहोस्; मनसुन अन्त्यको खडेरीले दाना कम लाग्न सक्छ।
bardiya,paddy,40,flowering,Critical water-sensitive stage — do not let fields dry; late-monsoon dry spells reduce grain set.,पानीप्रति अति संवेदनशील चरण — खेत सुक्न नदिनुहोस्; मनसुन अन्त्यको खडेरीले दाना कम लाग्न सक्छ।
bardiya,paddy,41,grain-fill,Post-monsoon rain and lodging risk; drain fields 10–15 days before expected harvest.,मनसुनपछिको वर्षा र बाली ढल्ने जोखिम; कटानीको १०–१५ दिनअघि खेतको पानी निकास गर्नुहोस्।
bardiya,paddy,42,grain-fill,Post-monsoon rain and lodging risk; drain fields 10–15 days before expected harvest.,मनसुनपछिको वर्षा र बाली ढल्ने जोखिम; कटानीको १०–१५ दिनअघि खेतको पानी निकास गर्नुहोस्।
bardiya,paddy,43,grain-fill,Post-monsoon rain and lodging risk; drain fields 10–15 days before expected harvest.,मनसुनपछिको वर्षा र बाली ढल्ने जोखिम; कटानीको १०–१५ दिनअघि खेतको पानी निकास गर्नुहोस्।
bardiya,paddy,44,grain-fill,Post-monsoon rain and lodging risk; drain fields 10–15 days before expected harvest.,मनसुनपछिको वर्षा र बाली ढल्ने जोखिम; कटानीको १०–१५ दिनअघि खेतको पानी निकास गर्नुहोस्।
bardiya,paddy,45,harvest,Harvest at 20–22% grain moisture; unseasonal October–November rain can cause sprouting in stacked paddy.,दाना २०–२२% चिस्यानमा कटानी गर्नुहोस्; कात्तिक–मंसिरको बेमौसमी वर्षाले थुपारेको धानमा टुसा उम्रन सक्छ।
bardiya,paddy,46,harvest,Harvest at 20–22% grain moisture; unseasonal October–November rain can cause sprouting in stacked paddy.,दाना २०–२२% चिस्यानमा कटानी गर्नुहोस्; कात्तिक–मंसिरको बेमौसमी वर्षाले थुपारेको धानमा टुसा उम्रन सक्छ।
bardiya,paddy,47,harvest,Harvest at 20–22% grain moisture; unseasonal October–November rain can cause sprouting in stacked paddy.,दाना २०–२२% चिस्यानमा कटानी गर्नुहोस्; कात्तिक–मंसिरको बेमौसमी वर्षाले थुपारेको धानमा टुसा उम्रन सक्छ।
bardiya,paddy,48,harvest,Harvest at 20–22% grain moisture; unseasonal October–November rain can cause sprouting in stacked paddy.,दाना २०–२२% चिस्यानमा कटानी गर्नुहोस्; कात्तिक–मंसिरको बेमौसमी वर्षाले थुपारेको धानमा टुसा उम्रन सक्छ।
bardiya,paddy,49,post-harvest,"Dry, grade and store produce properly; hermetic bags reduce storage pest losses.","उपज राम्ररी सुकाएर, छानेर भण्डारण गर्नुहोस्; हावा नछिर्ने बोराले भण्डारण कीराको क्षति घटाउँछ।"
bardiya,paddy,50,post-harvest,"Dry, grade and store produce properly; hermetic bags reduce storage pest losses.","उपज राम्ररी सुकाएर, छानेर भण्डारण गर्नुहोस्; हावा नछिर्ने बोराले भण्डारण कीराको क्षति घटाउँछ।"
bardiya,paddy,51,post-harvest,"Dry, grade and store produce properly; hermetic bags reduce storage pest losses.","उपज राम्ररी सुकाएर, छानेर भण्डारण गर्नुहोस्; हावा नछिर्ने बोराले भण्डारण कीराको क्षति घटाउँछ।"
bardiya,paddy,52,post-harvest,"Dry, grade and store produce properly; hermetic bags reduce storage pest losses.","उपज राम्ररी सुकाएर, छानेर भण्डारण गर्नुहोस्; हावा नछिर्ने बोराले भण्डारण कीराको क्षति घटाउँछ।"
bardiya,wheat,1,vegetative,Cold spells and fog are common; irrigate at crown-root initiation (~21 days after sowing).,शीतलहर र कुहिरो सामान्य हो; छरेको करिब २१ दिनपछि (मुख्य जरा बन्ने बेला) सिँचाइ गर्नुहोस्।
bardiya,wheat,2,vegetative,Cold spells and fog are common; irrigate at crown-root initiation (~21 days after sowing).,शीतलहर र कुहिरो सामान्य हो; छरेको करिब २१ दिनपछि (मुख्य जरा बन्ने बेला) सिँचाइ गर्नुहोस्।
bardiya,wheat,3,vegetative,Cold spells and fog are common; irrigate at crown-root initiation (~21 days after sowing).,शीतलहर र कुहिरो सामान्य हो; छरेको करिब २१ दिनपछि (मुख्य जरा बन्ने बेला) सिँचाइ गर्नुहोस्।
bardiya,wheat,4,vegetative,Cold spells and fog are common; irrigate at crown-root initiation (~21 days after sowing).,शीतलहर र कुहिरो सामान्य हो; छरेको करिब २१ दिनपछि (मुख्य जरा बन्ने बेला) सिँचाइ गर्नुहोस्।
bardiya,wheat,5,vegetative,Cold spells and fog are common; irrigate at crown-root initiation (~21 days after sowing).,शीतलहर र कुहिरो सामान्य हो; छरेको करिब २१ दिनपछि (मुख्य जरा बन्ने बेला) सिँचाइ गर्नुहोस्।
bardiya,wheat,6,flowering,Watch for yellow rust after prolonged cool-humid weather; ensure irrigation at booting–heading.,लामो चिसो-ओसिलो मौसमपछि पहेँलो सिन्दुरे रोगको निगरानी गर्नुहोस्; बाला निस्कने बेला सिँचाइ सुनिश्चित गर्नुहोस्।
bardiya,wheat,7,flowering,Watch for yellow rust after prolonged cool-humid weather; ensure irrigation at booting–heading.,लामो चिसो-ओसिलो मौसमपछि पहेँलो सिन्दुरे रोगको निगरानी गर्नुहोस्; बाला निस्कने बेला सिँचाइ सुनिश्चित गर्नुहोस्।
bardiya,wheat,8,flowering,Watch for yellow rust after prolonged cool-humid weather; ensure irrigation at booting–heading.,लामो चिसो-ओसिलो मौसमपछि पहेँलो सिन्दुरे रोगको निगरानी गर्नुहोस्; बाला निस्कने बेला सिँचाइ सुनिश्चित गर्नुहोस्।
bardiya,wheat,9,flowering,Watch for yellow rust after prolonged cool-humid weather; ensure irrigation at booting–heading.,लामो चिसो-ओसिलो मौसमपछि पहेँलो सिन्दुरे रोगको निगरानी गर्नुहोस्; बाला निस्कने बेला सिँचाइ सुनिश्चित गर्नुहोस्।
bardiya,wheat,10,grain-fill,Rising March temperatures can force early maturity; terminal heat is the main yield risk in the Terai.,चैतको बढ्दो तापक्रमले बाली छिटो पाक्न सक्छ; अन्तिम चरणको गर्मी तराईमा उत्पादनको मुख्य जोखिम हो।
bardiya,wheat,11,grain-fill,Rising March temperatures can force early maturity; terminal heat is the main yield risk in the Terai.,चैतको बढ्दो तापक्रमले बाली छिटो पाक्न सक्छ; अन्तिम चरणको गर्मी तराईमा उत्पादनको मुख्य जोखिम हो।
bardiya,wheat,12,grain-fill,Rising March temperatures can force early maturity; terminal heat is the main yield risk in the Terai.,चैतको बढ्दो तापक्रमले बाली छिटो पाक्न सक्छ; अन्तिम चरणको गर्मी तराईमा उत्पादनको मुख्य जोखिम हो।
bardiya,wheat,13,harvest,Harvest before pre-monsoon thunderstorms (Chaitra); hailstorm risk peaks in late March–April.,मनसुनअघिको हावाहुरी (चैत) अघि कटानी गर्नुहोस्; चैत–वैशाखमा असिनाको जोखिम बढी हुन्छ।
bardiya,wheat,14,harvest,Harvest before pre-monsoon thunderstorms (Chaitra); hailstorm risk peaks in late March–April.,मनसुनअघिको हावाहुरी (चैत) अघि कटानी गर्नुहोस्; चैत–वैशाखमा असिनाको जोखिम बढी हुन्छ।
bardiya,wheat,15,harvest,Harvest before pre-monsoon thunderstorms (Chaitra); hailstorm risk peaks in late March–April.,मनसुनअघिको हावाहुरी (चैत) अघि कटानी गर्नुहोस्; चैत–वैशाखमा असिनाको जोखिम बढी हुन्छ।
bardiya,wheat,16,harvest,Harvest before pre-monsoon thunderstorms (Chaitra); hailstorm risk peaks in late March–April.,मनसुनअघिको हावाहुरी (चैत) अघि कटानी गर्नुहोस्; चैत–वैशाखमा असिनाको जोखिम बढी हुन्छ।
bardiya,wheat,17,post-harvest,"Dry, grade and store produce properly; hermetic bags reduce storage pest losses.","उपज राम्ररी सुकाएर, छानेर भण्डारण गर्नुहोस्; हावा नछिर्ने बोराले भण्डारण कीराको क्षति घटाउँछ।"
bardiya,wheat,18,post-harvest,"Dry, grade and store produce properly; hermetic bags reduce storage pest losses.","उपज राम्ररी सुकाएर, छानेर भण्डारण गर्नुहोस्; हावा नछिर्ने बोराले भण्डारण कीराको क्षति घटाउँछ।"
bardiya,wheat,19,post-harvest,"Dry, grade and store produce properly; hermetic bags reduce storage pest losses.","उपज राम्ररी सुकाएर, छानेर भण्डारण गर्नुहोस्; हावा नछिर्ने बोराले भण्डारण कीराको क्षति घटाउँछ।"
bardiya,wheat,20,fallow,"Field resting period — good time for green manuring, soil testing and bund repair.","खेत बाँझो रहने समय — हरियो मल, माटो परीक्षण र आली मर्मतका लागि उपयुक्त समय।"
bardiya,wheat,21,fallow,"Field resting period — good time for green manuring, soil testing and bund repair.","खेत बाँझो रहने समय — हरियो मल, माटो परीक्षण र आली मर्मतका लागि उपयुक्त समय।"
bardiya,wheat,22,fallow,"Field resting period — good time for green manuring, soil testing and bund repair.","खेत बाँझो रहने समय — हरियो मल, माटो परीक्षण र आली मर्मतका लागि उपयुक्त समय।"
bardiya,wheat,23,fallow,"Field resting period — good time for green manuring, soil testing and bund repair.","खेत बाँझो रहने समय — हरियो मल, माटो परीक्षण र आली मर्मतका लागि उपयुक्त समय।"
bardiya,wheat,24,fallow,"Field resting period — good time for green manuring, soil testing and bund repair.","खेत बाँझो रहने समय — हरियो मल, माटो परीक्षण र आली मर्मतका लागि उपयुक्त समय।"
bardiya,wheat,25,fallow,"Field resting period — good time for green manuring, soil testing and bund repair.","खेत बाँझो रहने समय — हरियो मल, माटो परीक्षण र आली मर्मतका लागि उपयुक्त समय।"
bardiya,wheat,26,fallow,"Field resting period — good time for green manuring, soil testing and bund repair.","खेत बाँझो रहने समय — हरियो मल, माटो परीक्षण र आली मर्मतका लागि उपयुक्त समय।"
bardiya,wheat,27,fallow,"Field resting period — good time for green manuring, soil testing and bund repair.","खेत बाँझो रहने समय — हरियो मल, माटो परीक्षण र आली मर्मतका लागि उपयुक्त समय।"
bardiya,wheat,28,fallow,"Field resting period — good time for green manuring, soil testing and bund repair.","खेत बाँझो रहने समय — हरियो मल, माटो परीक्षण र आली मर्मतका लागि उपयुक्त समय।"
bardiya,wheat,29,fallow,"Field resting period — good time for green manuring, soil testing and bund repair.","खेत बाँझो रहने समय — हरियो मल, माटो परीक्षण र आली मर्मतका लागि उपयुक्त समय।"
bardiya,wheat,30,fallow,"Field resting period — good time for green manuring, soil testing and bund repair.","खेत बाँझो रहने समय — हरियो मल, माटो परीक्षण र आली मर्मतका लागि उपयुक्त समय।"
bardiya,wheat,31,fallow,"Field resting period — good time for green manuring, soil testing and bund repair.","खेत बाँझो रहने समय — हरियो मल, माटो परीक्षण र आली मर्मतका लागि उपयुक्त समय।"
bardiya,wheat,32,fallow,"Field resting period — good time for green manuring, soil testing and bund repair.","खेत बाँझो रहने समय — हरियो मल, माटो परीक्षण र आली मर्मतका लागि उपयुक्त समय।"
bardiya,wheat,33,fallow,"Field resting period — good time for green manuring, soil testing and bund repair.","खेत बाँझो रहने समय — हरियो मल, माटो परीक्षण र आली मर्मतका लागि उपयुक्त समय।"
bardiya,wheat,34,fallow,"Field resting period — good time for green manuring, soil testing and bund repair.","खेत बाँझो रहने समय — हरियो मल, माटो परीक्षण र आली मर्मतका लागि उपयुक्त समय।"
bardiya,wheat,35,fallow,"Field resting period — good time for green manuring, soil testing and bund repair.","खेत बाँझो रहने समय — हरियो मल, माटो परीक्षण र आली मर्मतका लागि उपयुक्त समय।"
bardiya,wheat,36,fallow,"Field resting period — good time for green manuring, soil testing and bund repair.","खेत बाँझो रहने समय — हरियो मल, माटो परीक्षण र आली मर्मतका लागि उपयुक्त समय।"
bardiya,wheat,37,fallow,"Field resting period — good time for green manuring, soil testing and bund repair.","खेत बाँझो रहने समय — हरियो मल, माटो परीक्षण र आली मर्मतका लागि उपयुक्त समय।"
bardiya,wheat,38,fallow,"Field resting period — good time for green manuring, soil testing and bund repair.","खेत बाँझो रहने समय — हरियो मल, माटो परीक्षण र आली मर्मतका लागि उपयुक्त समय।"
bardiya,wheat,39,fallow,"Field resting period — good time for green manuring, soil testing and bund repair.","खेत बाँझो रहने समय — हरियो मल, माटो परीक्षण र आली मर्मतका लागि उपयुक्त समय।"
bardiya,wheat,40,fallow,"Field resting period — good time for green manuring, soil testing and bund repair.","खेत बाँझो रहने समय — हरियो मल, माटो परीक्षण र आली मर्मतका लागि उपयुक्त समय।"
bardiya,wheat,41,fallow,"Field resting period — good time for green manuring, soil testing and bund repair.","खेत बाँझो रहने समय — हरियो मल, माटो परीक्षण र आली मर्मतका लागि उपयुक्त समय।"
bardiya,wheat,42,fallow,"Field resting period — good time for green manuring, soil testing and bund repair.","खेत बाँझो रहने समय — हरियो मल, माटो परीक्षण र आली मर्मतका लागि उपयुक्त समय।"
bardiya,wheat,43,fallow,"Field resting period — good time for green manuring, soil testing and bund repair.","खेत बाँझो रहने समय — हरियो मल, माटो परीक्षण र आली मर्मतका लागि उपयुक्त समय।"
bardiya,wheat,44,fallow,"Field resting period — good time for green manuring, soil testing and bund repair.","खेत बाँझो रहने समय — हरियो मल, माटो परीक्षण र आली मर्मतका लागि उपयुक्त समय।"
bardiya,wheat,45,land-prep,Prepare fields immediately after paddy harvest; residual moisture reduces first-irrigation need.,धान कटानीलगत्तै खेत तयार गर्नुहोस्; बाँकी चिस्यानले पहिलो सिँचाइको आवश्यकता घटाउँछ।
bardiya,wheat,46,land-prep,Prepare fields immediately after paddy harvest; residual moisture reduces first-irrigation need.,धान कटानीलगत्तै खेत तयार गर्नुहोस्; बाँकी चिस्यानले पहिलो सिँचाइको आवश्यकता घटाउँछ।
bardiya,wheat,47,sowing,Sow by early December — every week's delay after Mangsir cuts yield; use seed drill where available.,मंसिरको सुरुसम्ममा छर्नुहोस् — त्यसपछिको हरेक हप्ताको ढिलाइले उत्पादन घट्छ; सम्भव भए सिड ड्रिल प्रयोग गर्नुहोस्।
bardiya,wheat,48,sowing,Sow by early December — every week's delay after Mangsir cuts yield; use seed drill where available.,मंसिरको सुरुसम्ममा छर्नुहोस् — त्यसपछिको हरेक हप्ताको ढिलाइले उत्पादन घट्छ; सम्भव भए सिड ड्रिल प्रयोग गर्नुहोस्।
bardiya,wheat,49,sowing,Sow by early December — every week's delay after Mangsir cuts yield; use seed drill where available.,मंसिरको सुरुसम्ममा छर्नुहोस् — त्यसपछिको हरेक हप्ताको ढिलाइले उत्पादन घट्छ; सम्भव भए सिड ड्रिल प्रयोग गर्नुहोस्।
bardiya,wheat,50,sowing,Sow by early December — every week's delay after Mangsir cuts yield; use seed drill where available.,मंसिरको सुरुसम्ममा छर्नुहोस् — त्यसपछिको हरेक हप्ताको ढिलाइले उत्पादन घट्छ; सम्भव भए सिड ड्रिल प्रयोग गर्नुहोस्।
bardiya,wheat,51,vegetative,Cold spells and fog are common; irrigate at crown-root initiation (~21 days after sowing).,शीतलहर र कुहिरो सामान्य हो; छरेको करिब २१ दिनपछि (मुख्य जरा बन्ने बेला) सिँचाइ गर्नुहोस्।
bardiya,wheat,52,vegetative,Cold spells and fog are common; irrigate at crown-root initiation (~21 days after sowing).,शीतलहर र कुहिरो सामान्य हो; छरेको करिब २१ दिनपछि (मुख्य जरा बन्ने बेला) सिँचाइ गर्नुहोस्।
bardiya,maize,1,fallow,"Field resting period — good time for green manuring, soil testing and bund repair.","खेत बाँझो रहने समय — हरियो मल, माटो परीक्षण र आली मर्मतका लागि उपयुक्त समय।"
bardiya,maize,2,fallow,"Field resting period — good time for green manuring, soil testing and bund repair.","खेत बाँझो रहने समय — हरियो मल, माटो परीक्षण र आली मर्मतका लागि उपयुक्त समय।"
bardiya,maize,3,fallow,"Field resting period — good time for green manuring, soil testing and bund repair.","खेत बाँझो रहने समय — हरियो मल, माटो परीक्षण र आली मर्मतका लागि उपयुक्त समय।"
bardiya,maize,4,fallow,"Field resting period — good time for green manuring, soil testing and bund repair.","खेत बाँझो रहने समय — हरियो मल, माटो परीक्षण र आली मर्मतका लागि उपयुक्त समय।"
bardiya,maize,5,fallow,"Field resting period — good time for green manuring, soil testing and bund repair.","खेत बाँझो रहने समय — हरियो मल, माटो परीक्षण र आली मर्मतका लागि उपयुक्त समय।"
bardiya,maize,6,fallow,"Field resting period — good time for green manuring, soil testing and bund repair.","खेत बाँझो रहने समय — हरियो मल, माटो परीक्षण र आली मर्मतका लागि उपयुक्त समय।"
bardiya,maize,7,land-prep,Ensure good tilth for spring maize; residual winter moisture helps germination.,वसन्ते मकैका लागि माटो राम्रोसँग बुझाउनुहोस्; हिउँदे चिस्यानले उमारमा मद्दत गर्छ।
bardiya,maize,8,land-prep,Ensure good tilth for spring maize; residual winter moisture helps germination.,वसन्ते मकैका लागि माटो राम्रोसँग बुझाउनुहोस्; हिउँदे चिस्यानले उमारमा मद्दत गर्छ।
bardiya,maize,9,sowing,Sow when soil temperature is rising (Feb–Mar); protect seed from birds and cutworms.,माटोको तापक्रम बढ्दै गर्दा (फागुन–चैत) छर्नुहोस्; चरा र फेदकटुवा कीराबाट बीउ जोगाउनुहोस्।
bardiya,maize,10,sowing,Sow when soil temperature is rising (Feb–Mar); protect seed from birds and cutworms.,माटोको तापक्रम बढ्दै गर्दा (फागुन–चैत) छर्नुहोस्; चरा र फेदकटुवा कीराबाट बीउ जोगाउनुहोस्।
bardiya,maize,11,sowing,Sow when soil temperature is rising (Feb–Mar); protect seed from birds and cutworms.,माटोको तापक्रम बढ्दै गर्दा (फागुन–चैत) छर्नुहोस्; चरा र फेदकटुवा कीराबाट बीउ जोगाउनुहोस्।
bardiya,maize,12,sowing,Sow when soil temperature is rising (Feb–Mar); protect seed from birds and cutworms.,माटोको तापक्रम बढ्दै गर्दा (फागुन–चैत) छर्नुहोस्; चरा र फेदकटुवा कीराबाट बीउ जोगाउनुहोस्।
bardiya,maize,13,vegetative,Pre-monsoon dry spells: irrigate at knee-high stage; fall armyworm scouting every week.,मनसुनअघिको खडेरी: घुँडा उचाइमा सिँचाइ गर्नुहोस्; अमेरिकी फौजी कीराको साप्ताहिक निगरानी गर्नुहोस्।
bardiya,maize,14,vegetative,Pre-monsoon dry spells: irrigate at knee-high stage; fall armyworm scouting every week.,मनसुनअघिको खडेरी: घुँडा उचाइमा सिँचाइ गर्नुहोस्; अमेरिकी फौजी कीराको साप्ताहिक निगरानी गर्नुहोस्।
bardiya,maize,15,vegetative,Pre-monsoon dry spells: irrigate at knee-high stage; fall armyworm scouting every week.,मनसुनअघिको खडेरी: घुँडा उचाइमा सिँचाइ गर्नुहोस्; अमेरिकी फौजी कीराको साप्ताहिक निगरानी गर्नुहोस्।
bardiya,maize,16,vegetative,Pre-monsoon dry spells: irrigate at knee-high stage; fall armyworm scouting every week.,मनसुनअघिको खडेरी: घुँडा उचाइमा सिँचाइ गर्नुहोस्; अमेरिकी फौजी कीराको साप्ताहिक निगरानी गर्नुहोस्।
bardiya,maize,17,vegetative,Pre-monsoon dry spells: irrigate at knee-high stage; fall armyworm scouting every week.,मनसुनअघिको खडेरी: घुँडा उचाइमा सिँचाइ गर्नुहोस्; अमेरिकी फौजी कीराको साप्ताहिक निगरानी गर्नुहोस्।
bardiya,maize,18,vegetative,Pre-monsoon dry spells: irrigate at knee-high stage; fall armyworm scouting every week.,मनसुनअघिको खडेरी: घुँडा उचाइमा सिँचाइ गर्नुहोस्; अमेरिकी फौजी कीराको साप्ताहिक निगरानी गर्नुहोस्।
bardiya,maize,19,flowering,Tasseling–silking is the most drought-sensitive window; a single missed irrigation can halve yield.,जुँगा निस्कने बेला खडेरीप्रति सबैभन्दा संवेदनशील समय हो; एक पटक सिँचाइ छुटे उत्पादन आधा घट्न सक्छ।
bardiya,maize,20,flowering,Tasseling–silking is the most drought-sensitive window; a single missed irrigation can halve yield.,जुँगा निस्कने बेला खडेरीप्रति सबैभन्दा संवेदनशील समय हो; एक पटक सिँचाइ छुटे उत्पादन आधा घट्न सक्छ।
bardiya,maize,21,flowering,Tasseling–silking is the most drought-sensitive window; a single missed irrigation can halve yield.,जुँगा निस्कने बेला खडेरीप्रति सबैभन्दा संवेदनशील समय हो; एक पटक सिँचाइ छुटे उत्पादन आधा घट्न सक्छ।
bardiya,maize,22,grain-fill,Early monsoon storms can lodge tall crops; earth-up rows for anchorage.,मनसुन सुरुका हुरीले अग्लो बाली ढाल्न सक्छ; बोटलाई माटो चढाउनुहोस्।
bardiya,maize,23,grain-fill,Early monsoon storms can lodge tall crops; earth-up rows for anchorage.,मनसुन सुरुका हुरीले अग्लो बाली ढाल्न सक्छ; बोटलाई माटो चढाउनुहोस्।
bardiya,maize,24,grain-fill,Early monsoon storms can lodge tall crops; earth-up rows for anchorage.,मनसुन सुरुका हुरीले अग्लो बाली ढाल्न सक्छ; बोटलाई माटो चढाउनुहोस्।
bardiya,maize,25,harvest,Harvest before peak monsoon; dry cobs to below 14% moisture to avoid aflatoxin.,मनसुन चरममा पुग्नुअघि भित्र्याउनुहोस्; ढुसी (एफ्लाटक्सिन) बाट जोगाउन घोगा १४% भन्दा कम चिस्यानसम्म सुकाउनुहोस्।
bardiya,maize,26,harvest,Harvest before peak monsoon; dry cobs to below 14% moisture to avoid aflatoxin.,मनसुन चरममा पुग्नुअघि भित्र्याउनुहोस्; ढुसी (एफ्लाटक्सिन) बाट जोगाउन घोगा १४% भन्दा कम चिस्यानसम्म सुकाउनुहोस्।
bardiya,maize,27,harvest,Harvest before peak monsoon; dry cobs to below 14% moisture to avoid aflatoxin.,मनसुन चरममा पुग्नुअघि भित्र्याउनुहोस्; ढुसी (एफ्लाटक्सिन) बाट जोगाउन घोगा १४% भन्दा कम चिस्यानसम्म सुकाउनुहोस्।
bardiya,maize,28,post-harvest,"Dry, grade and store produce properly; hermetic bags reduce storage pest losses.","उपज राम्ररी सुकाएर, छानेर भण्डारण गर्नुहोस्; हावा नछिर्ने बोराले भण्डारण कीराको क्षति घटाउँछ।"
bardiya,maize,29,post-harvest,"Dry, grade and store produce properly; hermetic bags reduce storage pest losses.","उपज राम्ररी सुकाएर, छानेर भण्डारण गर्नुहोस्; हावा नछिर्ने बोराले भण्डारण कीराको क्षति घटाउँछ।"
bardiya,maize,30,post-harvest,"Dry, grade and store produce properly; hermetic bags reduce storage pest losses.","उपज राम्ररी सुकाएर, छानेर भण्डारण गर्नुहोस्; हावा नछिर्ने बोराले भण्डारण कीराको क्षति घटाउँछ।"
bardiya,maize,31,fallow,"Field resting period — good time for green manuring, soil testing and bund repair.","खेत बाँझो रहने समय — हरियो मल, माटो परीक्षण र आली मर्मतका लागि उपयुक्त समय।"
bardiya,maize,32,fallow,"Field resting period — good time for green manuring, soil testing and bund repair.","खेत बाँझो रहने समय — हरियो मल, माटो परीक्षण र आली मर्मतका लागि उपयुक्त समय।"
bardiya,maize,33,fallow,"Field resting period — good time for green manuring, soil testing and bund repair.","खेत बाँझो रहने समय — हरियो मल, माटो परीक्षण र आली मर्मतका लागि उपयुक्त समय।"
bardiya,maize,34,fallow,"Field resting period — good time for green manuring, soil testing and bund repair.","खेत बाँझो रहने समय — हरियो मल, माटो परीक्षण र आली मर्मतका लागि उपयुक्त समय।"
bardiya,maize,35,fallow,"Field resting period — good time for green manuring, soil testing and bund repair.","खेत बाँझो रहने समय — हरियो मल, माटो परीक्षण र आली मर्मतका लागि उपयुक्त समय।"
bardiya,maize,36,fallow,"Field resting period — good time for green manuring, soil testing and bund repair.","खेत बाँझो रहने समय — हरियो मल, माटो परीक्षण र आली मर्मतका लागि उपयुक्त समय।"
bardiya,maize,37,fallow,"Field resting period — good time for green manuring, soil testing and bund repair.","खेत बाँझो रहने समय — हरियो मल, माटो परीक्षण र आली मर्मतका लागि उपयुक्त समय।"
bardiya,maize,38,fallow,"Field resting period — good time for green manuring, soil testing and bund repair.","खेत बाँझो रहने समय — हरियो मल, माटो परीक्षण र आली मर्मतका लागि उपयुक्त समय।"
bardiya,maize,39,fallow,"Field resting period — good time for green manuring, soil testing and bund repair.","खेत बाँझो रहने समय — हरियो मल, माटो परीक्षण र आली मर्मतका लागि उपयुक्त समय।"
bardiya,maize,40,fallow,"Field resting period — good time for green manuring, soil testing and bund repair.","खेत बाँझो रहने समय — हरियो मल, माटो परीक्षण र आली मर्मतका लागि उपयुक्त समय।"
bardiya,maize,41,fallow,"Field resting period — good time for green manuring, soil testing and bund repair.","खेत बाँझो रहने समय — हरियो मल, माटो परीक्षण र आली मर्मतका लागि उपयुक्त समय।"
bardiya,maize,42,fallow,"Field resting period — good time for green manuring, soil testing and bund repair.","खेत बाँझो रहने समय — हरियो मल, माटो परीक्षण र आली मर्मतका लागि उपयुक्त समय।"
bardiya,maize,43,fallow,"Field resting period — good time for green manuring, soil testing and bund repair.","खेत बाँझो रहने समय — हरियो मल, माटो परीक्षण र आली मर्मतका लागि उपयुक्त समय।"
bardiya,maize,44,fallow,"Field resting period — good time for green manuring, soil testing and bund repair.","खेत बाँझो रहने समय — हरियो मल, माटो परीक्षण र आली मर्मतका लागि उपयुक्त समय।"
bardiya,maize,45,fallow,"Field resting period — good time for green manuring, soil testing and bund repair.","खेत बाँझो रहने समय — हरियो मल, माटो परीक्षण र आली मर्मतका लागि उपयुक्त समय।"
bardiya,maize,46,fallow,"Field resting period — good time for green manuring, soil testing and bund repair.","खेत बाँझो रहने समय — हरियो मल, माटो परीक्षण र आली मर्मतका लागि उपयुक्त समय।"
bardiya,maize,47,fallow,"Field resting period — good time for green manuring, soil testing and bund repair.","खेत बाँझो रहने समय — हरियो मल, माटो परीक्षण र आली मर्मतका लागि उपयुक्त समय।"
bardiya,maize,48,fallow,"Field resting period — good time for green manuring, soil testing and bund repair.","खेत बाँझो रहने समय — हरियो मल, माटो परीक्षण र आली मर्मतका लागि उपयुक्त समय।"
bardiya,maize,49,fallow,"Field resting period — good time for green manuring, soil testing and bund repair.","खेत बाँझो रहने समय — हरियो मल, माटो परीक्षण र आली मर्मतका लागि उपयुक्त समय।"
bardiya,maize,50,fallow,"Field resting period — good time for green manuring, soil testing and bund repair.","खेत बाँझो रहने समय — हरियो मल, माटो परीक्षण र आली मर्मतका लागि उपयुक्त समय।"
bardiya,maize,51,fallow,"Field resting period — good time for green manuring, soil testing and bund repair.","खेत बाँझो रहने समय — हरियो मल, माटो परीक्षण र आली मर्मतका लागि उपयुक्त समय।"
bardiya,maize,52,fallow,"Field resting period — good time for green manuring, soil testing and bund repair.","खेत बाँझो रहने समय — हरियो मल, माटो परीक्षण र आली मर्मतका लागि उपयुक्त समय।"
bardiya,mustard,1,grain-fill,Unseasonal winter rain causes pod shattering and disease; drain standing water quickly.,बेमौसमी हिउँदे वर्षाले कोसा फुट्ने र रोग लाग्ने हुन्छ; जमेको पानी तुरुन्त निकास गर्नुहोस्।
bardiya,mustard,2,grain-fill,Unseasonal winter rain causes pod shattering and disease; drain standing water quickly.,बेमौसमी हिउँदे वर्षाले कोसा फुट्ने र रोग लाग्ने हुन्छ; जमेको पानी तुरुन्त निकास गर्नुहोस्।
bardiya,mustard,3,grain-fill,Unseasonal winter rain causes pod shattering and disease; drain standing water quickly.,बेमौसमी हिउँदे वर्षाले कोसा फुट्ने र रोग लाग्ने हुन्छ; जमेको पानी तुरुन्त निकास गर्नुहोस्।
bardiya,mustard,4,harvest,Harvest when 75% pods turn yellow-brown; over-drying in field shatters seed.,७५% कोसा पहेँलो-खैरो भएपछि काट्नुहोस्; खेतमै धेरै सुकाए बीउ झर्छ।
bardiya,mustard,5,harvest,Harvest when 75% pods turn yellow-brown; over-drying in field shatters seed.,७५% कोसा पहेँलो-खैरो भएपछि काट्नुहोस्; खेतमै धेरै सुकाए बीउ झर्छ।
bardiya,mustard,6,harvest,Harvest when 75% pods turn yellow-brown; over-drying in field shatters seed.,७५% कोसा पहेँलो-खैरो भएपछि काट्नुहोस्; खेतमै धेरै सुकाए बीउ झर्छ।
bardiya,mustard,7,harvest,Harvest when 75% pods turn yellow-brown; over-drying in field shatters seed.,७५% कोसा पहेँलो-खैरो भएपछि काट्नुहोस्; खेतमै धेरै सुकाए बीउ झर्छ।
bardiya,mustard,8,post-harvest,"Dry, grade and store produce properly; hermetic bags reduce storage pest losses.","उपज राम्ररी सुकाएर, छानेर भण्डारण गर्नुहोस्; हावा नछिर्ने बोराले भण्डारण कीराको क्षति घटाउँछ।"
bardiya,mustard,9,post-harvest,"Dry, grade and store produce properly; hermetic bags reduce storage pest losses.","उपज राम्ररी सुकाएर, छानेर भण्डारण गर्नुहोस्; हावा नछिर्ने बोराले भण्डारण कीराको क्षति घटाउँछ।"
bardiya,mustard,10,post-harvest,"Dry, grade and store produce properly; hermetic bags reduce storage pest losses.","उपज राम्ररी सुकाएर, छानेर भण्डारण गर्नुहोस्; हावा नछिर्ने बोराले भण्डारण कीराको क्षति घटाउँछ।"
bardiya,mustard,11,fallow,"Field resting period — good time for green manuring, soil testing and bund repair.","खेत बाँझो रहने समय — हरियो मल, माटो परीक्षण र आली मर्मतका लागि उपयुक्त समय।"
bardiya,mustard,12,fallow,"Field resting period — good time for green manuring, soil testing and bund repair.","खेत बाँझो रहने समय — हरियो मल, माटो परीक्षण र आली मर्मतका लागि उपयुक्त समय।"
bardiya,mustard,13,fallow,"Field resting period — good time for green manuring, soil testing and bund repair.","खेत बाँझो रहने समय — हरियो मल, माटो परीक्षण र आली मर्मतका लागि उपयुक्त समय।"
bardiya,mustard,14,fallow,"Field resting period — good time for green manuring, soil testing and bund repair.","खेत बाँझो रहने समय — हरियो मल, माटो परीक्षण र आली मर्मतका लागि उपयुक्त समय।"
bardiya,mustard,15,fallow,"Field resting period — good time for green manuring, soil testing and bund repair.","खेत बाँझो रहने समय — हरियो मल, माटो परीक्षण र आली मर्मतका लागि उपयुक्त समय।"
bardiya,mustard,16,fallow,"Field resting period — good time for green manuring, soil testing and bund repair.","खेत बाँझो रहने समय — हरियो मल, माटो परीक्षण र आली मर्मतका लागि उपयुक्त समय।"
bardiya,mustard,17,fallow,"Field resting period — good time for green manuring, soil testing and bund repair.","खेत बाँझो रहने समय — हरियो मल, माटो परीक्षण र आली मर्मतका लागि उपयुक्त समय।"
bardiya,mustard,18,fallow,"Field resting period — good time for green manuring, soil testing and bund repair.","खेत बाँझो रहने समय — हरियो मल, माटो परीक्षण र आली मर्मतका लागि उपयुक्त समय।"
bardiya,mustard,19,fallow,"Field resting period — good time for green manuring, soil testing and bund repair.","खेत बाँझो रहने समय — हरियो मल, माटो परीक्षण र आली मर्मतका लागि उपयुक्त समय।"
bardiya,mustard,20,fallow,"Field resting period — good time for green manuring, soil testing and bund repair.","खेत बाँझो रहने समय — हरियो मल, माटो परीक्षण र आली मर्मतका लागि उपयुक्त समय।"
bardiya,mustard,21,fallow,"Field resting period — good time for green manuring, soil testing and bund repair.","खेत बाँझो रहने समय — हरियो मल, माटो परीक्षण र आली मर्मतका लागि उपयुक्त समय।"
bardiya,mustard,22,fallow,"Field resting period — good time for green manuring, soil testing and bund repair.","खेत बाँझो रहने समय — हरियो मल, माटो परीक्षण र आली मर्मतका लागि उपयुक्त समय।"
bardiya,mustard,23,fallow,"Field resting period — good time for green manuring, soil testing and bund repair.","खेत बाँझो रहने समय — हरियो मल, माटो परीक्षण र आली मर्मतका लागि उपयुक्त समय।"
bardiya,mustard,24,fallow,"Field resting period — good time for green manuring, soil testing and bund repair.","खेत बाँझो रहने समय — हरियो मल, माटो परीक्षण र आली मर्मतका लागि उपयुक्त समय।"
bardiya,mustard,25,fallow,"Field resting period — good time for green manuring, soil testing and bund repair.","खेत बाँझो रहने समय — हरियो मल, माटो परीक्षण र आली मर्मतका लागि उपयुक्त समय।"
bardiya,mustard,26,fallow,"Field resting period — good time for green manuring, soil testing and bund repair.","खेत बाँझो रहने समय — हरियो मल, माटो परीक्षण र आली मर्मतका लागि उपयुक्त समय।"
bardiya,mustard,27,fallow,"Field resting period — good time for green manuring, soil testing and bund repair.","खेत बाँझो रहने समय — हरियो मल, माटो परीक्षण र आली मर्मतका लागि उपयुक्त समय।"
bardiya,mustard,28,fallow,"Field resting period — good time for green manuring, soil testing and bund repair.","खेत बाँझो रहने समय — हरियो मल, माटो परीक्षण र आली मर्मतका लागि उपयुक्त समय।"
bardiya,mustard,29,fallow,"Field resting period — good time for green manuring, soil testing and bund repair.","खेत बाँझो रहने समय — हरियो मल, माटो परीक्षण र आली मर्मतका लागि उपयुक्त समय।"
bardiya,mustard,30,fallow,"Field resting period — good time for green manuring, soil testing and bund repair.","खेत बाँझो रहने समय — हरियो मल, माटो परीक्षण र आली मर्मतका लागि उपयुक्त समय।"
bardiya,mustard,31,fallow,"Field resting period — good time for green manuring, soil testing and bund repair.","खेत बाँझो रहने समय — हरियो मल, माटो परीक्षण र आली मर्मतका लागि उपयुक्त समय।"
bardiya,mustard,32,fallow,"Field resting period — good time for green manuring, soil testing and bund repair.","खेत बाँझो रहने समय — हरियो मल, माटो परीक्षण र आली मर्मतका लागि उपयुक्त समय।"
bardiya,mustard,33,fallow,"Field resting period — good time for green manuring, soil testing and bund repair.","खेत बाँझो रहने समय — हरियो मल, माटो परीक्षण र आली मर्मतका लागि उपयुक्त समय।"
bardiya,mustard,34,fallow,"Field resting period — good time for green manuring, soil testing and bund repair.","खेत बाँझो रहने समय — हरियो मल, माटो परीक्षण र आली मर्मतका लागि उपयुक्त समय।"
bardiya,mustard,35,fallow,"Field resting period — good time for green manuring, soil testing and bund repair.","खेत बाँझो रहने समय — हरियो मल, माटो परीक्षण र आली मर्मतका लागि उपयुक्त समय।"
bardiya,mustard,36,fallow,"Field resting period — good time for green manuring, soil testing and bund repair.","खेत बाँझो रहने समय — हरियो मल, माटो परीक्षण र आली मर्मतका लागि उपयुक्त समय।"
bardiya,mustard,37,fallow,"Field resting period — good time for green manuring, soil testing and bund repair.","खेत बाँझो रहने समय — हरियो मल, माटो परीक्षण र आली मर्मतका लागि उपयुक्त समय।"
bardiya,mustard,38,fallow,"Field resting period — good time for green manuring, soil testing and bund repair.","खेत बाँझो रहने समय — हरियो मल, माटो परीक्षण र आली मर्मतका लागि उपयुक्त समय।"
bardiya,mustard,39,land-prep,Fine tilth needed for small seed; conserve residual monsoon moisture.,सानो बीउका लागि मसिनो माटो चाहिन्छ; मनसुनको बाँकी चिस्यान जोगाउनुहोस्।
bardiya,mustard,40,land-prep,Fine tilth needed for small seed; conserve residual monsoon moisture.,सानो बीउका लागि मसिनो माटो चाहिन्छ; मनसुनको बाँकी चिस्यान जोगाउनुहोस्।
bardiya,mustard,41,sowing,Sow late September–October with residual moisture; late sowing increases aphid exposure.,असोज–कात्तिकमा बाँकी चिस्यानमै छर्नुहोस्; ढिलो छरे लाही कीराको प्रकोप बढ्छ।
bardiya,mustard,42,sowing,Sow late September–October with residual moisture; late sowing increases aphid exposure.,असोज–कात्तिकमा बाँकी चिस्यानमै छर्नुहोस्; ढिलो छरे लाही कीराको प्रकोप बढ्छ।
bardiya,mustard,43,sowing,Sow late September–October with residual moisture; late sowing increases aphid exposure.,असोज–कात्तिकमा बाँकी चिस्यानमै छर्नुहोस्; ढिलो छरे लाही कीराको प्रकोप बढ्छ।
bardiya,mustard,44,vegetative,Thin to proper spacing; first irrigation ~30 days after sowing if no rain.,उचित दूरीमा बोट पातलो पार्नुहोस्; वर्षा नभए छरेको करिब ३० दिनपछि पहिलो सिँचाइ गर्नुहोस्।
bardiya,mustard,45,vegetative,Thin to proper spacing; first irrigation ~30 days after sowing if no rain.,उचित दूरीमा बोट पातलो पार्नुहोस्; वर्षा नभए छरेको करिब ३० दिनपछि पहिलो सिँचाइ गर्नुहोस्।
bardiya,mustard,46,vegetative,Thin to proper spacing; first irrigation ~30 days after sowing if no rain.,उचित दूरीमा बोट पातलो पार्नुहोस्; वर्षा नभए छरेको करिब ३० दिनपछि पहिलो सिँचाइ गर्नुहोस्।
bardiya,mustard,47,vegetative,Thin to proper spacing; first irrigation ~30 days after sowing if no rain.,उचित दूरीमा बोट पातलो पार्नुहोस्; वर्षा नभए छरेको करिब ३० दिनपछि पहिलो सिँचाइ गर्नुहोस्।
bardiya,mustard,48,flowering,Aphid pressure peaks in cool foggy weather; avoid spraying during bee foraging hours.,चिसो कुहिरो लाग्दा लाही कीराको प्रकोप बढ्छ; मौरी चर्ने समयमा विषादी नछर्नुहोस्।
bardiya,mustard,49,flowering,Aphid pressure peaks in cool foggy weather; avoid spraying during bee foraging hours.,चिसो कुहिरो लाग्दा लाही कीराको प्रकोप बढ्छ; मौरी चर्ने समयमा विषादी नछर्नुहोस्।
bardiya,mustard,50,flowering,Aphid pressure peaks in cool foggy weather; avoid spraying during bee foraging hours.,चिसो कुहिरो लाग्दा लाही कीराको प्रकोप बढ्छ; मौरी चर्ने समयमा विषादी नछर्नुहोस्।
bardiya,mustard,51,flowering,Aphid pressure peaks in cool foggy weather; avoid spraying during bee foraging hours.,चिसो कुहिरो लाग्दा लाही कीराको प्रकोप बढ्छ; मौरी चर्ने समयमा विषादी नछर्नुहोस्।
bardiya,mustard,52,grain-fill,Unseasonal winter rain causes pod shattering and disease; drain standing water quickly.,बेमौसमी हिउँदे वर्षाले कोसा फुट्ने र रोग लाग्ने हुन्छ; जमेको पानी तुरुन्त निकास गर्नुहोस्।
bardiya,sugarcane,1,harvest,Harvest Dec–Feb at peak sucrose; crush within 24–48 hours of cutting.,चिनीको मात्रा उच्च हुँदा (पुस–माघ) कटानी गर्नुहोस्; काटेको २४–४८ घण्टाभित्र पेल्नुहोस्।
bardiya,sugarcane,2,harvest,Harvest Dec–Feb at peak sucrose; crush within 24–48 hours of cutting.,चिनीको मात्रा उच्च हुँदा (पुस–माघ) कटानी गर्नुहोस्; काटेको २४–४८ घण्टाभित्र पेल्नुहोस्।
bardiya,sugarcane,3,harvest,Harvest Dec–Feb at peak sucrose; crush within 24–48 hours of cutting.,चिनीको मात्रा उच्च हुँदा (पुस–माघ) कटानी गर्नुहोस्; काटेको २४–४८ घण्टाभित्र पेल्नुहोस्।
bardiya,sugarcane,4,harvest,Harvest Dec–Feb at peak sucrose; crush within 24–48 hours of cutting.,चिनीको मात्रा उच्च हुँदा (पुस–माघ) कटानी गर्नुहोस्; काटेको २४–४८ घण्टाभित्र पेल्नुहोस्।
bardiya,sugarcane,5,harvest,Harvest Dec–Feb at peak sucrose; crush within 24–48 hours of cutting.,चिनीको मात्रा उच्च हुँदा (पुस–माघ) कटानी गर्नुहोस्; काटेको २४–४८ घण्टाभित्र पेल्नुहोस्।
bardiya,sugarcane,6,harvest,Harvest Dec–Feb at peak sucrose; crush within 24–48 hours of cutting.,चिनीको मात्रा उच्च हुँदा (पुस–माघ) कटानी गर्नुहोस्; काटेको २४–४८ घण्टाभित्र पेल्नुहोस्।
bardiya,sugarcane,7,land-prep,Deep ploughing and furrow preparation; plan setts from disease-free nursery.,गहिरो जोताइ र कुलेसो तयारी गर्नुहोस्; रोगमुक्त नर्सरीबाट बीउ टुक्रा (सेट) योजना गर्नुहोस्।
bardiya,sugarcane,8,land-prep,Deep ploughing and furrow preparation; plan setts from disease-free nursery.,गहिरो जोताइ र कुलेसो तयारी गर्नुहोस्; रोगमुक्त नर्सरीबाट बीउ टुक्रा (सेट) योजना गर्नुहोस्।
bardiya,sugarcane,9,sowing,Plant three-bud setts Feb–Mar; irrigate immediately after planting in dry spring.,फागुन–चैतमा तीन आँख्ला भएका टुक्रा रोप्नुहोस्; सुख्खा वसन्तमा रोपेलगत्तै सिँचाइ गर्नुहोस्।
bardiya,sugarcane,10,sowing,Plant three-bud setts Feb–Mar; irrigate immediately after planting in dry spring.,फागुन–चैतमा तीन आँख्ला भएका टुक्रा रोप्नुहोस्; सुख्खा वसन्तमा रोपेलगत्तै सिँचाइ गर्नुहोस्।
bardiya,sugarcane,11,sowing,Plant three-bud setts Feb–Mar; irrigate immediately after planting in dry spring.,फागुन–चैतमा तीन आँख्ला भएका टुक्रा रोप्नुहोस्; सुख्खा वसन्तमा रोपेलगत्तै सिँचाइ गर्नुहोस्।
bardiya,sugarcane,12,sowing,Plant three-bud setts Feb–Mar; irrigate immediately after planting in dry spring.,फागुन–चैतमा तीन आँख्ला भएका टुक्रा रोप्नुहोस्; सुख्खा वसन्तमा रोपेलगत्तै सिँचाइ गर्नुहोस्।
bardiya,sugarcane,13,sowing,Plant three-bud setts Feb–Mar; irrigate immediately after planting in dry spring.,फागुन–चैतमा तीन आँख्ला भएका टुक्रा रोप्नुहोस्; सुख्खा वसन्तमा रोपेलगत्तै सिँचाइ गर्नुहोस्।
bardiya,sugarcane,14,vegetative,Tillering and grand growth through monsoon; earth-up and tie canes before storm season.,मनसुनभर गाँज हाल्ने र तीव्र वृद्धि हुन्छ; हुरी मौसमअघि माटो चढाउने र उखु बाँध्ने काम गर्नुहोस्।
bardiya,sugarcane,15,vegetative,Tillering and grand growth through monsoon; earth-up and tie canes before storm season.,मनसुनभर गाँज हाल्ने र तीव्र वृद्धि हुन्छ; हुरी मौसमअघि माटो चढाउने र उखु बाँध्ने काम गर्नुहोस्।
bardiya,sugarcane,16,vegetative,Tillering and grand growth through monsoon; earth-up and tie canes before storm season.,मनसुनभर गाँज हाल्ने र तीव्र वृद्धि हुन्छ; हुरी मौसमअघि माटो चढाउने र उखु बाँध्ने काम गर्नुहोस्।
bardiya,sugarcane,17,vegetative,Tillering and grand growth through monsoon; earth-up and tie canes before storm season.,मनसुनभर गाँज हाल्ने र तीव्र वृद्धि हुन्छ; हुरी मौसमअघि माटो चढाउने र उखु बाँध्ने काम गर्नुहोस्।
bardiya,sugarcane,18,vegetative,Tillering and grand growth through monsoon; earth-up and tie canes before storm season.,मनसुनभर गाँज हाल्ने र तीव्र वृद्धि हुन्छ; हुरी मौसमअघि माटो चढाउने र उखु बाँध्ने काम गर्नुहोस्।
bardiya,sugarcane,19,vegetative,Tillering and grand growth through monsoon; earth-up and tie canes before storm season.,मनसुनभर गाँज हाल्ने र तीव्र वृद्धि हुन्छ; हुरी मौसमअघि माटो चढाउने र उखु बाँध्ने काम गर्नुहोस्।
bardiya,sugarcane,20,vegetative,Tillering and grand growth through monsoon; earth-up and tie canes before storm season.,मनसुनभर गाँज हाल्ने र तीव्र वृद्धि हुन्छ; हुरी मौसमअघि माटो चढाउने र उखु बाँध्ने काम गर्नुहोस्।
bardiya,sugarcane,21,vegetative,Tillering and grand growth through monsoon; earth-up and tie canes before storm season.,मनसुनभर गाँज हाल्ने र तीव्र वृद्धि हुन्छ; हुरी मौसमअघि माटो चढाउने र उखु बाँध्ने काम गर्नुहोस्।
bardiya,sugarcane,22,vegetative,Tillering and grand growth through monsoon; earth-up and tie canes before storm season.,मनसुनभर गाँज हाल्ने र तीव्र वृद्धि हुन्छ; हुरी मौसमअघि माटो चढाउने र उखु बाँध्ने काम गर्नुहोस्।
bardiya,sugarcane,23,vegetative,Tillering and grand growth through monsoon; earth-up and tie canes before storm season.,मनसुनभर गाँज हाल्ने र तीव्र वृद्धि हुन्छ; हुरी मौसमअघि माटो चढाउने र उखु बाँध्ने काम गर्नुहोस्।
bardiya,sugarcane,24,vegetative,Tillering and grand growth through monsoon; earth-up and tie canes before storm season.,मनसुनभर गाँज हाल्ने र तीव्र वृद्धि हुन्छ; हुरी मौसमअघि माटो चढाउने र उखु बाँध्ने काम गर्नुहोस्।
bardiya,sugarcane,25,vegetative,Tillering and grand growth through monsoon; earth-up and tie canes before storm season.,मनसुनभर गाँज हाल्ने र तीव्र वृद्धि हुन्छ; हुरी मौसमअघि माटो चढाउने र उखु बाँध्ने काम गर्नुहोस्।
bardiya,sugarcane,26,vegetative,Tillering and grand growth through monsoon; earth-up and tie canes before storm season.,मनसुनभर गाँज हाल्ने र तीव्र वृद्धि हुन्छ; हुरी मौसमअघि माटो चढाउने र उखु बाँध्ने काम गर्नुहोस्।
bardiya,sugarcane,27,vegetative,Tillering and grand growth through monsoon; earth-up and tie canes before storm season.,मनसुनभर गाँज हाल्ने र तीव्र वृद्धि हुन्छ; हुरी मौसमअघि माटो चढाउने र उखु बाँध्ने काम गर्नुहोस्।
bardiya,sugarcane,28,vegetative,Tillering and grand growth through monsoon; earth-up and tie canes before storm season.,मनसुनभर गाँज हाल्ने र तीव्र वृद्धि हुन्छ; हुरी मौसमअघि माटो चढाउने र उखु बाँध्ने काम गर्नुहोस्।
bardiya,sugarcane,29,vegetative,Tillering and grand growth through monsoon; earth-up and tie canes before storm season.,मनसुनभर गाँज हाल्ने र तीव्र वृद्धि हुन्छ; हुरी मौसमअघि माटो चढाउने र उखु बाँध्ने काम गर्नुहोस्।
bardiya,sugarcane,30,vegetative,Tillering and grand growth through monsoon; earth-up and tie canes before storm season.,मनसुनभर गाँज हाल्ने र तीव्र वृद्धि हुन्छ; हुरी मौसमअघि माटो चढाउने र उखु बाँध्ने काम गर्नुहोस्।
bardiya,sugarcane,31,vegetative,Tillering and grand growth through monsoon; earth-up and tie canes before storm season.,मनसुनभर गाँज हाल्ने र तीव्र वृद्धि हुन्छ; हुरी मौसमअघि माटो चढाउने र उखु बाँध्ने काम गर्नुहोस्।
bardiya,sugarcane,32,grain-fill,Sucrose accumulation improves with cool dry autumn; stop irrigation 2–3 weeks before harvest.,चिसो सुख्खा शरदमा चिनीको मात्रा बढ्छ; कटानीको २–३ हप्ताअघि सिँचाइ रोक्नुहोस्।
bardiya,sugarcane,33,grain-fill,Sucrose accumulation improves with cool dry autumn; stop irrigation 2–3 weeks before harvest.,चिसो सुख्खा शरदमा चिनीको मात्रा बढ्छ; कटानीको २–३ हप्ताअघि सिँचाइ रोक्नुहोस्।
bardiya,sugarcane,34,grain-fill,Sucrose accumulation improves with cool dry autumn; stop irrigation 2–3 weeks before harvest.,चिसो सुख्खा शरदमा चिनीको मात्रा बढ्छ; कटानीको २–३ हप्ताअघि सिँचाइ रोक्नुहोस्।
bardiya,sugarcane,35,grain-fill,Sucrose accumulation improves with cool dry autumn; stop irrigation 2–3 weeks before harvest.,चिसो सुख्खा शरदमा चिनीको मात्रा बढ्छ; कटानीको २–३ हप्ताअघि सिँचाइ रोक्नुहोस्।
bardiya,sugarcane,36,grain-fill,Sucrose accumulation improves with cool dry autumn; stop irrigation 2–3 weeks before harvest.,चिसो सुख्खा शरदमा चिनीको मात्रा बढ्छ; कटानीको २–३ हप्ताअघि सिँचाइ रोक्नुहोस्।
bardiya,sugarcane,37,grain-fill,Sucrose accumulation improves with cool dry autumn; stop irrigation 2–3 weeks before harvest.,चिसो सुख्खा शरदमा चिनीको मात्रा बढ्छ; कटानीको २–३ हप्ताअघि सिँचाइ रोक्नुहोस्।
bardiya,sugarcane,38,grain-fill,Sucrose accumulation improves with cool dry autumn; stop irrigation 2–3 weeks before harvest.,चिसो सुख्खा शरदमा चिनीको मात्रा बढ्छ; कटानीको २–३ हप्ताअघि सिँचाइ रोक्नुहोस्।
bardiya,sugarcane,39,grain-fill,Sucrose accumulation improves with cool dry autumn; stop irrigation 2–3 weeks before harvest.,चिसो सुख्खा शरदमा चिनीको मात्रा बढ्छ; कटानीको २–३ हप्ताअघि सिँचाइ रोक्नुहोस्।
bardiya,sugarcane,40,grain-fill,Sucrose accumulation improves with cool dry autumn; stop irrigation 2–3 weeks before harvest.,चिसो सुख्खा शरदमा चिनीको मात्रा बढ्छ; कटानीको २–३ हप्ताअघि सिँचाइ रोक्नुहोस्।
bardiya,sugarcane,41,grain-fill,Sucrose accumulation improves with cool dry autumn; stop irrigation 2–3 weeks before harvest.,चिसो सुख्खा शरदमा चिनीको मात्रा बढ्छ; कटानीको २–३ हप्ताअघि सिँचाइ रोक्नुहोस्।
bardiya,sugarcane,42,grain-fill,Sucrose accumulation improves with cool dry autumn; stop irrigation 2–3 weeks before harvest.,चिसो सुख्खा शरदमा चिनीको मात्रा बढ्छ; कटानीको २–३ हप्ताअघि सिँचाइ रोक्नुहोस्।
bardiya,sugarcane,43,grain-fill,Sucrose accumulation improves with cool dry autumn; stop irrigation 2–3 weeks before harvest.,चिसो सुख्खा शरदमा चिनीको मात्रा बढ्छ; कटानीको २–३ हप्ताअघि सिँचाइ रोक्नुहोस्।
bardiya,sugarcane,44,grain-fill,Sucrose accumulation improves with cool dry autumn; stop irrigation 2–3 weeks before harvest.,चिसो सुख्खा शरदमा चिनीको मात्रा बढ्छ; कटानीको २–३ हप्ताअघि सिँचाइ रोक्नुहोस्।
bardiya,sugarcane,45,grain-fill,Sucrose accumulation improves with cool dry autumn; stop irrigation 2–3 weeks before harvest.,चिसो सुख्खा शरदमा चिनीको मात्रा बढ्छ; कटानीको २–३ हप्ताअघि सिँचाइ रोक्नुहोस्।
bardiya,sugarcane,46,grain-fill,Sucrose accumulation improves with cool dry autumn; stop irrigation 2–3 weeks before harvest.,चिसो सुख्खा शरदमा चिनीको मात्रा बढ्छ; कटानीको २–३ हप्ताअघि सिँचाइ रोक्नुहोस्।
bardiya,sugarcane,47,grain-fill,Sucrose accumulation improves with cool dry autumn; stop irrigation 2–3 weeks before harvest.,चिसो सुख्खा शरदमा चिनीको मात्रा बढ्छ; कटानीको २–३ हप्ताअघि सिँचाइ रोक्नुहोस्।
bardiya,sugarcane,48,grain-fill,Sucrose accumulation improves with cool dry autumn; stop irrigation 2–3 weeks before harvest.,चिसो सुख्खा शरदमा चिनीको मात्रा बढ्छ; कटानीको २–३ हप्ताअघि सिँचाइ रोक्नुहोस्।
bardiya,sugarcane,49,grain-fill,Sucrose accumulation improves with cool dry autumn; stop irrigation 2–3 weeks before harvest.,चिसो सुख्खा शरदमा चिनीको मात्रा बढ्छ; कटानीको २–३ हप्ताअघि सिँचाइ रोक्नुहोस्।
bardiya,sugarcane,50,harvest,Harvest Dec–Feb at peak sucrose; crush within 24–48 hours of cutting.,चिनीको मात्रा उच्च हुँदा (पुस–माघ) कटानी गर्नुहोस्; काटेको २४–४८ घण्टाभित्र पेल्नुहोस्।
bardiya,sugarcane,51,harvest,Harvest Dec–Feb at peak sucrose; crush within 24–48 hours of cutting.,चिनीको मात्रा उच्च हुँदा (पुस–माघ) कटानी गर्नुहोस्; काटेको २४–४८ घण्टाभित्र पेल्नुहोस्।
bardiya,sugarcane,52,harvest,Harvest Dec–Feb at peak sucrose; crush within 24–48 hours of cutting.,चिनीको मात्रा उच्च हुँदा (पुस–माघ) कटानी गर्नुहोस्; काटेको २४–४८ घण्टाभित्र पेल्नुहोस्।
bardiya,potato,1,vegetative,Earth-up twice; late blight risk spikes with fog and drizzle — prophylactic spray on forecast.,दुई पटक माटो चढाउनुहोस्; कुहिरो र सिमसिम पानीले डढुवा रोगको जोखिम बढाउँछ — पूर्वानुमान हेरी अग्रिम छर्काव गर्नुहोस्।
bardiya,potato,2,grain-fill,Tuber bulking: keep soil evenly moist; frost on clear January nights can scorch foliage.,दाना बढ्ने बेला: माटो एकनासले ओसिलो राख्नुहोस्; माघको सफा रातको तुषारोले पात डढाउन सक्छ।
bardiya,potato,3,grain-fill,Tuber bulking: keep soil evenly moist; frost on clear January nights can scorch foliage.,दाना बढ्ने बेला: माटो एकनासले ओसिलो राख्नुहोस्; माघको सफा रातको तुषारोले पात डढाउन सक्छ।
bardiya,potato,4,grain-fill,Tuber bulking: keep soil evenly moist; frost on clear January nights can scorch foliage.,दाना बढ्ने बेला: माटो एकनासले ओसिलो राख्नुहोस्; माघको सफा रातको तुषारोले पात डढाउन सक्छ।
bardiya,potato,5,grain-fill,Tuber bulking: keep soil evenly moist; frost on clear January nights can scorch foliage.,दाना बढ्ने बेला: माटो एकनासले ओसिलो राख्नुहोस्; माघको सफा रातको तुषारोले पात डढाउन सक्छ।
bardiya,potato,6,grain-fill,Tuber bulking: keep soil evenly moist; frost on clear January nights can scorch foliage.,दाना बढ्ने बेला: माटो एकनासले ओसिलो राख्नुहोस्; माघको सफा रातको तुषारोले पात डढाउन सक्छ।
bardiya,potato,7,harvest,"Dehaulm 10–14 days before digging for skin set; cure in shade, never in direct sun.","बोक्रा बस्नका लागि खन्नुभन्दा १०–१४ दिनअघि झ्याङ काट्नुहोस्; छहारीमा सुकाउनुहोस्, घाममा कहिल्यै होइन।"
bardiya,potato,8,harvest,"Dehaulm 10–14 days before digging for skin set; cure in shade, never in direct sun.","बोक्रा बस्नका लागि खन्नुभन्दा १०–१४ दिनअघि झ्याङ काट्नुहोस्; छहारीमा सुकाउनुहोस्, घाममा कहिल्यै होइन।"
bardiya,potato,9,harvest,"Dehaulm 10–14 days before digging for skin set; cure in shade, never in direct sun.","बोक्रा बस्नका लागि खन्नुभन्दा १०–१४ दिनअघि झ्याङ काट्नुहोस्; छहारीमा सुकाउनुहोस्, घाममा कहिल्यै होइन।"
bardiya,potato,10,harvest,"Dehaulm 10–14 days before digging for skin set; cure in shade, never in direct sun.","बोक्रा बस्नका लागि खन्नुभन्दा १०–१४ दिनअघि झ्याङ काट्नुहोस्; छहारीमा सुकाउनुहोस्, घाममा कहिल्यै होइन।"
bardiya,potato,11,harvest,"Dehaulm 10–14 days before digging for skin set; cure in shade, never in direct sun.","बोक्रा बस्नका लागि खन्नुभन्दा १०–१४ दिनअघि झ्याङ काट्नुहोस्; छहारीमा सुकाउनुहोस्, घाममा कहिल्यै होइन।"
bardiya,potato,12,post-harvest,"Dry, grade and store produce properly; hermetic bags reduce storage pest losses.","उपज राम्ररी सुकाएर, छानेर भण्डारण गर्नुहोस्; हावा नछिर्ने बोराले भण्डारण कीराको क्षति घटाउँछ।"
bardiya,potato,13,post-harvest,"Dry, grade and store produce properly; hermetic bags reduce storage pest losses.","उपज राम्ररी सुकाएर, छानेर भण्डारण गर्नुहोस्; हावा नछिर्ने बोराले भण्डारण कीराको क्षति घटाउँछ।"
bardiya,potato,14,post-harvest,"Dry, grade and store produce properly; hermetic bags reduce storage pest losses.","उपज राम्ररी सुकाएर, छानेर भण्डारण गर्नुहोस्; हावा नछिर्ने बोराले भण्डारण कीराको क्षति घटाउँछ।"
bardiya,potato,15,fallow,"Field resting period — good time for green manuring, soil testing and bund repair.","खेत बाँझो रहने समय — हरियो मल, माटो परीक्षण र आली मर्मतका लागि उपयुक्त समय।"
bardiya,potato,16,fallow,"Field resting period — good time for green manuring, soil testing and bund repair.","खेत बाँझो रहने समय — हरियो मल, माटो परीक्षण र आली मर्मतका लागि उपयुक्त समय।"
bardiya,potato,17,fallow,"Field resting period — good time for green manuring, soil testing and bund repair.","खेत बाँझो रहने समय — हरियो मल, माटो परीक्षण र आली मर्मतका लागि उपयुक्त समय।"
bardiya,potato,18,fallow,"Field resting period — good time for green manuring, soil testing and bund repair.","खेत बाँझो रहने समय — हरियो मल, माटो परीक्षण र आली मर्मतका लागि उपयुक्त समय।"
bardiya,potato,19,fallow,"Field resting period — good time for green manuring, soil testing and bund repair.","खेत बाँझो रहने समय — हरियो मल, माटो परीक्षण र आली मर्मतका लागि उपयुक्त समय।"
bardiya,potato,20,fallow,"Field resting period — good time for green manuring, soil testing and bund repair.","खेत बाँझो रहने समय — हरियो मल, माटो परीक्षण र आली मर्मतका लागि उपयुक्त समय।"
bardiya,potato,21,fallow,"Field resting period — good time for green manuring, soil testing and bund repair.","खेत बाँझो रहने समय — हरियो मल, माटो परीक्षण र आली मर्मतका लागि उपयुक्त समय।"
bardiya,potato,22,fallow,"Field resting period — good time for green manuring, soil testing and bund repair.","खेत बाँझो रहने समय — हरियो मल, माटो परीक्षण र आली मर्मतका लागि उपयुक्त समय।"
bardiya,potato,23,fallow,"Field resting period — good time for green manuring, soil testing and bund repair.","खेत बाँझो रहने समय — हरियो मल, माटो परीक्षण र आली मर्मतका लागि उपयुक्त समय।"
bardiya,potato,24,fallow,"Field resting period — good time for green manuring, soil testing and bund repair.","खेत बाँझो रहने समय — हरियो मल, माटो परीक्षण र आली मर्मतका लागि उपयुक्त समय।"
bardiya,potato,25,fallow,"Field resting period — good time for green manuring, soil testing and bund repair.","खेत बाँझो रहने समय — हरियो मल, माटो परीक्षण र आली मर्मतका लागि उपयुक्त समय।"
bardiya,potato,26,fallow,"Field resting period — good time for green manuring, soil testing and bund repair.","खेत बाँझो रहने समय — हरियो मल, माटो परीक्षण र आली मर्मतका लागि उपयुक्त समय।"
bardiya,potato,27,fallow,"Field resting period — good time for green manuring, soil testing and bund repair.","खेत बाँझो रहने समय — हरियो मल, माटो परीक्षण र आली मर्मतका लागि उपयुक्त समय।"
bardiya,potato,28,fallow,"Field resting period — good time for green manuring, soil testing and bund repair.","खेत बाँझो रहने समय — हरियो मल, माटो परीक्षण र आली मर्मतका लागि उपयुक्त समय।"
bardiya,potato,29,fallow,"Field resting period — good time for green manuring, soil testing and bund repair.","खेत बाँझो रहने समय — हरियो मल, माटो परीक्षण र आली मर्मतका लागि उपयुक्त समय।"
bardiya,potato,30,fallow,"Field resting period — good time for green manuring, soil testing and bund repair.","खेत बाँझो रहने समय — हरियो मल, माटो परीक्षण र आली मर्मतका लागि उपयुक्त समय।"
bardiya,potato,31,fallow,"Field resting period — good time for green manuring, soil testing and bund repair.","खेत बाँझो रहने समय — हरियो मल, माटो परीक्षण र आली मर्मतका लागि उपयुक्त समय।"
bardiya,potato,32,fallow,"Field resting period — good time for green manuring, soil testing and bund repair.","खेत बाँझो रहने समय — हरियो मल, माटो परीक्षण र आली मर्मतका लागि उपयुक्त समय।"
bardiya,potato,33,fallow,"Field resting period — good time for green manuring, soil testing and bund repair.","खेत बाँझो रहने समय — हरियो मल, माटो परीक्षण र आली मर्मतका लागि उपयुक्त समय।"
bardiya,potato,34,fallow,"Field resting period — good time for green manuring, soil testing and bund repair.","खेत बाँझो रहने समय — हरियो मल, माटो परीक्षण र आली मर्मतका लागि उपयुक्त समय।"
bardiya,potato,35,fallow,"Field resting period — good time for green manuring, soil testing and bund repair.","खेत बाँझो रहने समय — हरियो मल, माटो परीक्षण र आली मर्मतका लागि उपयुक्त समय।"
bardiya,potato,36,fallow,"Field resting period — good time for green manuring, soil testing and bund repair.","खेत बाँझो रहने समय — हरियो मल, माटो परीक्षण र आली मर्मतका लागि उपयुक्त समय।"
bardiya,potato,37,fallow,"Field resting period — good time for green manuring, soil testing and bund repair.","खेत बाँझो रहने समय — हरियो मल, माटो परीक्षण र आली मर्मतका लागि उपयुक्त समय।"
bardiya,potato,38,fallow,"Field resting period — good time for green manuring, soil testing and bund repair.","खेत बाँझो रहने समय — हरियो मल, माटो परीक्षण र आली मर्मतका लागि उपयुक्त समय।"
bardiya,potato,39,fallow,"Field resting period — good time for green manuring, soil testing and bund repair.","खेत बाँझो रहने समय — हरियो मल, माटो परीक्षण र आली मर्मतका लागि उपयुक्त समय।"
bardiya,potato,40,fallow,"Field resting period — good time for green manuring, soil testing and bund repair.","खेत बाँझो रहने समय — हरियो मल, माटो परीक्षण र आली मर्मतका लागि उपयुक्त समय।"
bardiya,potato,41,land-prep,Prepare ridges after monsoon recedes; well-drained loose soil prevents tuber rot.,मनसुन सकिएपछि ड्याङ बनाउनुहोस्; निकास राम्रो भएको खुकुलो माटोले दाना कुहिनबाट जोगाउँछ।
bardiya,potato,42,land-prep,Prepare ridges after monsoon recedes; well-drained loose soil prevents tuber rot.,मनसुन सकिएपछि ड्याङ बनाउनुहोस्; निकास राम्रो भएको खुकुलो माटोले दाना कुहिनबाट जोगाउँछ।
bardiya,potato,43,sowing,Plant sprouted seed tubers Oct–Nov; soil moisture at planting is critical for uniform emergence.,टुसा उम्रेका बीउ आलु कात्तिक–मंसिरमा रोप्नुहोस्; एकनासले उम्रन रोप्दा माटोको चिस्यान महत्वपूर्ण छ।
bardiya,potato,44,sowing,Plant sprouted seed tubers Oct–Nov; soil moisture at planting is critical for uniform emergence.,टुसा उम्रेका बीउ आलु कात्तिक–मंसिरमा रोप्नुहोस्; एकनासले उम्रन रोप्दा माटोको चिस्यान महत्वपूर्ण छ।
bardiya,potato,45,sowing,Plant sprouted seed tubers Oct–Nov; soil moisture at planting is critical for uniform emergence.,टुसा उम्रेका बीउ आलु कात्तिक–मंसिरमा रोप्नुहोस्; एकनासले उम्रन रोप्दा माटोको चिस्यान महत्वपूर्ण छ।
bardiya,potato,46,sowing,Plant sprouted seed tubers Oct–Nov; soil moisture at planting is critical for uniform emergence.,टुसा उम्रेका बीउ आलु कात्तिक–मंसिरमा रोप्नुहोस्; एकनासले उम्रन रोप्दा माटोको चिस्यान महत्वपूर्ण छ।
bardiya,potato,47,vegetative,Earth-up twice; late blight risk spikes with fog and drizzle — prophylactic spray on forecast.,दुई पटक माटो चढाउनुहोस्; कुहिरो र सिमसिम पानीले डढुवा रोगको जोखिम बढाउँछ — पूर्वानुमान हेरी अग्रिम छर्काव गर्नुहोस्।
bardiya,potato,48,vegetative,Earth-up twice; late blight risk spikes with fog and drizzle — prophylactic spray on forecast.,दुई पटक माटो चढाउनुहोस्; कुहिरो र सिमसिम पानीले डढुवा रोगको जोखिम बढाउँछ — पूर्वानुमान हेरी अग्रिम छर्काव गर्नुहोस्।
bardiya,potato,49,vegetative,Earth-up twice; late blight risk spikes with fog and drizzle — prophylactic spray on forecast.,दुई पटक माटो चढाउनुहोस्; कुहिरो र सिमसिम पानीले डढुवा रोगको जोखिम बढाउँछ — पूर्वानुमान हेरी अग्रिम छर्काव गर्नुहोस्।
bardiya,potato,50,vegetative,Earth-up twice; late blight risk spikes with fog and drizzle — prophylactic spray on forecast.,दुई पटक माटो चढाउनुहोस्; कुहिरो र सिमसिम पानीले डढुवा रोगको जोखिम बढाउँछ — पूर्वानुमान हेरी अग्रिम छर्काव गर्नुहोस्।
bardiya,potato,51,vegetative,Earth-up twice; late blight risk spikes with fog and drizzle — prophylactic spray on forecast.,दुई पटक माटो चढाउनुहोस्; कुहिरो र सिमसिम पानीले डढुवा रोगको जोखिम बढाउँछ — पूर्वानुमान हेरी अग्रिम छर्काव गर्नुहोस्।
bardiya,potato,52,vegetative,Earth-up twice; late blight risk spikes with fog and drizzle — prophylactic spray on forecast.,दुई पटक माटो चढाउनुहोस्; कुहिरो र सिमसिम पानीले डढुवा रोगको जोखिम बढाउँछ — पूर्वानुमान हेरी अग्रिम छर्काव गर्नुहोस्।
banke,paddy,1,post-harvest,"Dry, grade and store produce properly; hermetic bags reduce storage pest losses.","उपज राम्ररी सुकाएर, छानेर भण्डारण गर्नुहोस्; हावा नछिर्ने बोराले भण्डारण कीराको क्षति घटाउँछ।"
banke,paddy,2,fallow,"Field resting period — good time for green manuring, soil testing and bund repair.","खेत बाँझो रहने समय — हरियो मल, माटो परीक्षण र आली मर्मतका लागि उपयुक्त समय।"
banke,paddy,3,fallow,"Field resting period — good time for green manuring, soil testing and bund repair.","खेत बाँझो रहने समय — हरियो मल, माटो परीक्षण र आली मर्मतका लागि उपयुक्त समय।"
banke,paddy,4,fallow,"Field resting period — good time for green manuring, soil testing and bund repair.","खेत बाँझो रहने समय — हरियो मल, माटो परीक्षण र आली मर्मतका लागि उपयुक्त समय।"
banke,paddy,5,fallow,"Field resting period — good time for green manuring, soil testing and bund repair.","खेत बाँझो रहने समय — हरियो मल, माटो परीक्षण र आली मर्मतका लागि उपयुक्त समय।"
banke,paddy,6,fallow,"Field resting period — good time for green manuring, soil testing and bund repair.","खेत बाँझो रहने समय — हरियो मल, माटो परीक्षण र आली मर्मतका लागि उपयुक्त समय।"
banke,paddy,7,fallow,"Field resting period — good time for green manuring, soil testing and bund repair.","खेत बाँझो रहने समय — हरियो मल, माटो परीक्षण र आली मर्मतका लागि उपयुक्त समय।"
banke,paddy,8,fallow,"Field resting period — good time for green manuring, soil testing and bund repair.","खेत बाँझो रहने समय — हरियो मल, माटो परीक्षण र आली मर्मतका लागि उपयुक्त समय।"
banke,paddy,9,fallow,"Field resting period — good time for green manuring, soil testing and bund repair.","खेत बाँझो रहने समय — हरियो मल, माटो परीक्षण र आली मर्मतका लागि उपयुक्त समय।"
banke,paddy,10,fallow,"Field resting period — good time for green manuring, soil testing and bund repair.","खेत बाँझो रहने समय — हरियो मल, माटो परीक्षण र आली मर्मतका लागि उपयुक्त समय।"
banke,paddy,11,fallow,"Field resting period — good time for green manuring, soil testing and bund repair.","खेत बाँझो रहने समय — हरियो मल, माटो परीक्षण र आली मर्मतका लागि उपयुक्त समय।"
banke,paddy,12,fallow,"Field resting period — good time for green manuring, soil testing and bund repair.","खेत बाँझो रहने समय — हरियो मल, माटो परीक्षण र आली मर्मतका लागि उपयुक्त समय।"
banke,paddy,13,fallow,"Field resting period — good time for green manuring, soil testing and bund repair.","खेत बाँझो रहने समय — हरियो मल, माटो परीक्षण र आली मर्मतका लागि उपयुक्त समय।"
banke,paddy,14,fallow,"Field resting period — good time for green manuring, soil testing and bund repair.","खेत बाँझो रहने समय — हरियो मल, माटो परीक्षण र आली मर्मतका लागि उपयुक्त समय।"
banke,paddy,15,fallow,"Field resting period — good time for green manuring, soil testing and bund repair.","खेत बाँझो रहने समय — हरियो मल, माटो परीक्षण र आली मर्मतका लागि उपयुक्त समय।"
banke,paddy,16,fallow,"Field resting period — good time for green manuring, soil testing and bund repair.","खेत बाँझो रहने समय — हरियो मल, माटो परीक्षण र आली मर्मतका लागि उपयुक्त समय।"
banke,paddy,17,fallow,"Field resting period — good time for green manuring, soil testing and bund repair.","खेत बाँझो रहने समय — हरियो मल, माटो परीक्षण र आली मर्मतका लागि उपयुक्त समय।"
banke,paddy,18,fallow,"Field resting period — good time for green manuring, soil testing and bund repair.","खेत बाँझो रहने समय — हरियो मल, माटो परीक्षण र आली मर्मतका लागि उपयुक्त समय।"
banke,paddy,19,fallow,"Field resting period — good time for green manuring, soil testing and bund repair.","खेत बाँझो रहने समय — हरियो मल, माटो परीक्षण र आली मर्मतका लागि उपयुक्त समय।"
banke,paddy,20,fallow,"Field resting period — good time for green manuring, soil testing and bund repair.","खेत बाँझो रहने समय — हरियो मल, माटो परीक्षण र आली मर्मतका लागि उपयुक्त समय।"
banke,paddy,21,fallow,"Field resting period — good time for green manuring, soil testing and bund repair.","खेत बाँझो रहने समय — हरियो मल, माटो परीक्षण र आली मर्मतका लागि उपयुक्त समय।"
banke,paddy,22,fallow,"Field resting period — good time for green manuring, soil testing and bund repair.","खेत बाँझो रहने समय — हरियो मल, माटो परीक्षण र आली मर्मतका लागि उपयुक्त समय।"
banke,paddy,23,land-prep,Prepare bunds and puddle fields; pre-monsoon showers can be erratic — keep nursery seedbeds on higher ground.,आली मर्मत र खेत हिलाउने काम गर्नुहोस्; मनसुनअघिको वर्षा अनियमित हुनसक्छ — बीउ ब्याड अग्लो ठाउँमा राख्नुहोस्।
banke,paddy,24,land-prep,Prepare bunds and puddle fields; pre-monsoon showers can be erratic — keep nursery seedbeds on higher ground.,आली मर्मत र खेत हिलाउने काम गर्नुहोस्; मनसुनअघिको वर्षा अनियमित हुनसक्छ — बीउ ब्याड अग्लो ठाउँमा राख्नुहोस्।
banke,paddy,25,land-prep,Prepare bunds and puddle fields; pre-monsoon showers can be erratic — keep nursery seedbeds on higher ground.,आली मर्मत र खेत हिलाउने काम गर्नुहोस्; मनसुनअघिको वर्षा अनियमित हुनसक्छ — बीउ ब्याड अग्लो ठाउँमा राख्नुहोस्।
banke,paddy,26,sowing,Transplant 20–25 day seedlings with monsoon onset; delayed monsoon may require supplemental irrigation.,मनसुन सुरु भएसँगै २०–२५ दिनका बेर्ना रोप्नुहोस्; मनसुन ढिलो भए थप सिँचाइ आवश्यक पर्न सक्छ।
banke,paddy,27,sowing,Transplant 20–25 day seedlings with monsoon onset; delayed monsoon may require supplemental irrigation.,मनसुन सुरु भएसँगै २०–२५ दिनका बेर्ना रोप्नुहोस्; मनसुन ढिलो भए थप सिँचाइ आवश्यक पर्न सक्छ।
banke,paddy,28,sowing,Transplant 20–25 day seedlings with monsoon onset; delayed monsoon may require supplemental irrigation.,मनसुन सुरु भएसँगै २०–२५ दिनका बेर्ना रोप्नुहोस्; मनसुन ढिलो भए थप सिँचाइ आवश्यक पर्न सक्छ।
banke,paddy,29,sowing,Transplant 20–25 day seedlings with monsoon onset; delayed monsoon may require supplemental irrigation.,मनसुन सुरु भएसँगै २०–२५ दिनका बेर्ना रोप्नुहोस्; मनसुन ढिलो भए थप सिँचाइ आवश्यक पर्न सक्छ।
banke,paddy,30,sowing,Transplant 20–25 day seedlings with monsoon onset; delayed monsoon may require supplemental irrigation.,मनसुन सुरु भएसँगै २०–२५ दिनका बेर्ना रोप्नुहोस्; मनसुन ढिलो भए थप सिँचाइ आवश्यक पर्न सक्छ।
banke,paddy,31,vegetative,Peak monsoon: watch for flooding in low fields and stem borer after heavy rain.,मनसुनको चरम समय: होचा खेतमा डुबान र भारी वर्षापछि गवारो कीराको निगरानी गर्नुहोस्।
banke,paddy,32,vegetative,Peak monsoon: watch for flooding in low fields and stem borer after heavy rain.,मनसुनको चरम समय: होचा खेतमा डुबान र भारी वर्षापछि गवारो कीराको निगरानी गर्नुहोस्।
banke,paddy,33,vegetative,Peak monsoon: watch for flooding in low fields and stem borer after heavy rain.,मनसुनको चरम समय: होचा खेतमा डुबान र भारी वर्षापछि गवारो कीराको निगरानी गर्नुहोस्।
banke,paddy,34,vegetative,Peak monsoon: watch for flooding in low fields and stem borer after heavy rain.,मनसुनको चरम समय: होचा खेतमा डुबान र भारी वर्षापछि गवारो कीराको निगरानी गर्नुहोस्।
banke,paddy,35,vegetative,Peak monsoon: watch for flooding in low fields and stem borer after heavy rain.,मनसुनको चरम समय: होचा खेतमा डुबान र भारी वर्षापछि गवारो कीराको निगरानी गर्नुहोस्।
banke,paddy,36,vegetative,Peak monsoon: watch for flooding in low fields and stem borer after heavy rain.,मनसुनको चरम समय: होचा खेतमा डुबान र भारी वर्षापछि गवारो कीराको निगरानी गर्नुहोस्।
banke,paddy,37,flowering,Critical water-sensitive stage — do not let fields dry; late-monsoon dry spells reduce grain set.,पानीप्रति अति संवेदनशील चरण — खेत सुक्न नदिनुहोस्; मनसुन अन्त्यको खडेरीले दाना कम लाग्न सक्छ।
banke,paddy,38,flowering,Critical water-sensitive stage — do not let fields dry; late-monsoon dry spells reduce grain set.,पानीप्रति अति संवेदनशील चरण — खेत सुक्न नदिनुहोस्; मनसुन अन्त्यको खडेरीले दाना कम लाग्न सक्छ।
banke,paddy,39,flowering,Critical water-sensitive stage — do not let fields dry; late-monsoon dry spells reduce grain set.,पानीप्रति अति संवेदनशील चरण — खेत सुक्न नदिनुहोस्; मनसुन अन्त्यको खडेरीले दाना कम लाग्न सक्छ।
banke,paddy,40,flowering,Critical water-sensitive stage — do not let fields dry; late-monsoon dry spells reduce grain set.,पानीप्रति अति संवेदनशील चरण — खेत सुक्न नदिनुहोस्; मनसुन अन्त्यको खडेरीले दाना कम लाग्न सक्छ।
banke,paddy,41,grain-fill,Post-monsoon rain and lodging risk; drain fields 10–15 days before expected harvest.,मनसुनपछिको वर्षा र बाली ढल्ने जोखिम; कटानीको १०–१५ दिनअघि खेतको पानी निकास गर्नुहोस्।
banke,paddy,42,grain-fill,Post-monsoon rain and lodging risk; drain fields 10–15 days before expected harvest.,मनसुनपछिको वर्षा र बाली ढल्ने जोखिम; कटानीको १०–१५ दिनअघि खेतको पानी निकास गर्नुहोस्।
banke,paddy,43,grain-fill,Post-monsoon rain and lodging risk; drain fields 10–15 days before expected harvest.,मनसुनपछिको वर्षा र बाली ढल्ने जोखिम; कटानीको १०–१५ दिनअघि खेतको पानी निकास गर्नुहोस्।
banke,paddy,44,grain-fill,Post-monsoon rain and lodging risk; drain fields 10–15 days before expected harvest.,मनसुनपछिको वर्षा र बाली ढल्ने जोखिम; कटानीको १०–१५ दिनअघि खेतको पानी निकास गर्नुहोस्।
banke,paddy,45,harvest,Harvest at 20–22% grain moisture; unseasonal October–November rain can cause sprouting in stacked paddy.,दाना २०–२२% चिस्यानमा कटानी गर्नुहोस्; कात्तिक–मंसिरको बेमौसमी वर्षाले थुपारेको धानमा टुसा उम्रन सक्छ।
banke,paddy,46,harvest,Harvest at 20–22% grain moisture; unseasonal October–November rain can cause sprouting in stacked paddy.,दाना २०–२२% चिस्यानमा कटानी गर्नुहोस्; कात्तिक–मंसिरको बेमौसमी वर्षाले थुपारेको धानमा टुसा उम्रन सक्छ।
banke,paddy,47,harvest,Harvest at 20–22% grain moisture; unseasonal October–November rain can cause sprouting in stacked paddy.,दाना २०–२२% चिस्यानमा कटानी गर्नुहोस्; कात्तिक–मंसिरको बेमौसमी वर्षाले थुपारेको धानमा टुसा उम्रन सक्छ।
banke,paddy,48,harvest,Harvest at 20–22% grain moisture; unseasonal October–November rain can cause sprouting in stacked paddy.,दाना २०–२२% चिस्यानमा कटानी गर्नुहोस्; कात्तिक–मंसिरको बेमौसमी वर्षाले थुपारेको धानमा टुसा उम्रन सक्छ।
banke,paddy,49,post-harvest,"Dry, grade and store produce properly; hermetic bags reduce storage pest losses.","उपज राम्ररी सुकाएर, छानेर भण्डारण गर्नुहोस्; हावा नछिर्ने बोराले भण्डारण कीराको क्षति घटाउँछ।"
banke,paddy,50,post-harvest,"Dry, grade and store produce properly; hermetic bags reduce storage pest losses.","उपज राम्ररी सुकाएर, छानेर भण्डारण गर्नुहोस्; हावा नछिर्ने बोराले भण्डारण कीराको क्षति घटाउँछ।"
banke,paddy,51,post-harvest,"Dry, grade and store produce properly; hermetic bags reduce storage pest losses.","उपज राम्ररी सुकाएर, छानेर भण्डारण गर्नुहोस्; हावा नछिर्ने बोराले भण्डारण कीराको क्षति घटाउँछ।"
banke,paddy,52,post-harvest,"Dry, grade and store produce properly; hermetic bags reduce storage pest losses.","उपज राम्ररी सुकाएर, छानेर भण्डारण गर्नुहोस्; हावा नछिर्ने बोराले भण्डारण कीराको क्षति घटाउँछ।"
banke,wheat,1,vegetative,Cold spells and fog are common; irrigate at crown-root initiation (~21 days after sowing).,शीतलहर र कुहिरो सामान्य हो; छरेको करिब २१ दिनपछि (मुख्य जरा बन्ने बेला) सिँचाइ गर्नुहोस्।
banke,wheat,2,vegetative,Cold spells and fog are common; irrigate at crown-root initiation (~21 days after sowing).,शीतलहर र कुहिरो सामान्य हो; छरेको करिब २१ दिनपछि (मुख्य जरा बन्ने बेला) सिँचाइ गर्नुहोस्।
banke,wheat,3,vegetative,Cold spells and fog are common; irrigate at crown-root initiation (~21 days after sowing).,शीतलहर र कुहिरो सामान्य हो; छरेको करिब २१ दिनपछि (मुख्य जरा बन्ने बेला) सिँचाइ गर्नुहोस्।
banke,wheat,4,vegetative,Cold spells and fog are common; irrigate at crown-root initiation (~21 days after sowing).,शीतलहर र कुहिरो सामान्य हो; छरेको करिब २१ दिनपछि (मुख्य जरा बन्ने बेला) सिँचाइ गर्नुहोस्।
banke,wheat,5,vegetative,Cold spells and fog are common; irrigate at crown-root initiation (~21 days after sowing).,शीतलहर र कुहिरो सामान्य हो; छरेको करिब २१ दिनपछि (मुख्य जरा बन्ने बेला) सिँचाइ गर्नुहोस्।
banke,wheat,6,flowering,Watch for yellow rust after prolonged cool-humid weather; ensure irrigation at booting–heading.,लामो चिसो-ओसिलो मौसमपछि पहेँलो सिन्दुरे रोगको निगरानी गर्नुहोस्; बाला निस्कने बेला सिँचाइ सुनिश्चित गर्नुहोस्।
banke,wheat,7,flowering,Watch for yellow rust after prolonged cool-humid weather; ensure irrigation at booting–heading.,लामो चिसो-ओसिलो मौसमपछि पहेँलो सिन्दुरे रोगको निगरानी गर्नुहोस्; बाला निस्कने बेला सिँचाइ सुनिश्चित गर्नुहोस्।
banke,wheat,8,flowering,Watch for yellow rust after prolonged cool-humid weather; ensure irrigation at booting–heading.,लामो चिसो-ओसिलो मौसमपछि पहेँलो सिन्दुरे रोगको निगरानी गर्नुहोस्; बाला निस्कने बेला सिँचाइ सुनिश्चित गर्नुहोस्।
banke,wheat,9,flowering,Watch for yellow rust after prolonged cool-humid weather; ensure irrigation at booting–heading.,लामो चिसो-ओसिलो मौसमपछि पहेँलो सिन्दुरे रोगको निगरानी गर्नुहोस्; बाला निस्कने बेला सिँचाइ सुनिश्चित गर्नुहोस्।
banke,wheat,10,grain-fill,Rising March temperatures can force early maturity; terminal heat is the main yield risk in the Terai.,चैतको बढ्दो तापक्रमले बाली छिटो पाक्न सक्छ; अन्तिम चरणको गर्मी तराईमा उत्पादनको मुख्य जोखिम हो।
banke,wheat,11,grain-fill,Rising March temperatures can force early maturity; terminal heat is the main yield risk in the Terai.,चैतको बढ्दो तापक्रमले बाली छिटो पाक्न सक्छ; अन्तिम चरणको गर्मी तराईमा उत्पादनको मुख्य जोखिम हो।
banke,wheat,12,grain-fill,Rising March temperatures can force early maturity; terminal heat is the main yield risk in the Terai.,चैतको बढ्दो तापक्रमले बाली छिटो पाक्न सक्छ; अन्तिम चरणको गर्मी तराईमा उत्पादनको मुख्य जोखिम हो।
banke,wheat,13,harvest,Harvest before pre-monsoon thunderstorms (Chaitra); hailstorm risk peaks in late March–April.,मनसुनअघिको हावाहुरी (चैत) अघि कटानी गर्नुहोस्; चैत–वैशाखमा असिनाको जोखिम बढी हुन्छ।
banke,wheat,14,harvest,Harvest before pre-monsoon thunderstorms (Chaitra); hailstorm risk peaks in late March–April.,मनसुनअघिको हावाहुरी (चैत) अघि कटानी गर्नुहोस्; चैत–वैशाखमा असिनाको जोखिम बढी हुन्छ।
banke,wheat,15,harvest,Harvest before pre-monsoon thunderstorms (Chaitra); hailstorm risk peaks in late March–April.,मनसुनअघिको हावाहुरी (चैत) अघि कटानी गर्नुहोस्; चैत–वैशाखमा असिनाको जोखिम बढी हुन्छ।
banke,wheat,16,harvest,Harvest before pre-monsoon thunderstorms (Chaitra); hailstorm risk peaks in late March–April.,मनसुनअघिको हावाहुरी (चैत) अघि कटानी गर्नुहोस्; चैत–वैशाखमा असिनाको जोखिम बढी हुन्छ।
banke,wheat,17,post-harvest,"Dry, grade and store produce properly; hermetic bags reduce storage pest losses.","उपज राम्ररी सुकाएर, छानेर भण्डारण गर्नुहोस्; हावा नछिर्ने बोराले भण्डारण कीराको क्षति घटाउँछ।"
banke,wheat,18,post-harvest,"Dry, grade and store produce properly; hermetic bags reduce storage pest losses.","उपज राम्ररी सुकाएर, छानेर भण्डारण गर्नुहोस्; हावा नछिर्ने बोराले भण्डारण कीराको क्षति घटाउँछ।"
banke,wheat,19,post-harvest,"Dry, grade and store produce properly; hermetic bags reduce storage pest losses.","उपज राम्ररी सुकाएर, छानेर भण्डारण गर्नुहोस्; हावा नछिर्ने बोराले भण्डारण कीराको क्षति घटाउँछ।"
banke,wheat,20,fallow,"Field resting period — good time for green manuring, soil testing and bund repair.","खेत बाँझो रहने समय — हरियो मल, माटो परीक्षण र आली मर्मतका लागि उपयुक्त समय।"
banke,wheat,21,fallow,"Field resting period — good time for green manuring, soil testing and bund repair.","खेत बाँझो रहने समय — हरियो मल, माटो परीक्षण र आली मर्मतका लागि उपयुक्त समय।"
banke,wheat,22,fallow,"Field resting period — good time for green manuring, soil testing and bund repair.","खेत बाँझो रहने समय — हरियो मल, माटो परीक्षण र आली मर्मतका लागि उपयुक्त समय।"
banke,wheat,23,fallow,"Field resting period — good time for green manuring, soil testing and bund repair.","खेत बाँझो रहने समय — हरियो मल, माटो परीक्षण र आली मर्मतका लागि उपयुक्त समय।"
banke,wheat,24,fallow,"Field resting period — good time for green manuring, soil testing and bund repair.","खेत बाँझो रहने समय — हरियो मल, माटो परीक्षण र आली मर्मतका लागि उपयुक्त समय।"
banke,wheat,25,fallow,"Field resting period — good time for green manuring, soil testing and bund repair.","खेत बाँझो रहने समय — हरियो मल, माटो परीक्षण र आली मर्मतका लागि उपयुक्त समय।"
banke,wheat,26,fallow,"Field resting period — good time for green manuring, soil testing and bund repair.","खेत बाँझो रहने समय — हरियो मल, माटो परीक्षण र आली मर्मतका लागि उपयुक्त समय।"
banke,wheat,27,fallow,"Field resting period — good time for green manuring, soil testing and bund repair.","खेत बाँझो रहने समय — हरियो मल, माटो परीक्षण र आली मर्मतका लागि उपयुक्त समय।"
banke,wheat,28,fallow,"Field resting period — good time for green manuring, soil testing and bund repair.","खेत बाँझो रहने समय — हरियो मल, माटो परीक्षण र आली मर्मतका लागि उपयुक्त समय।"
banke,wheat,29,fallow,"Field resting period — good time for green manuring, soil testing and bund repair.","खेत बाँझो रहने समय — हरियो मल, माटो परीक्षण र आली मर्मतका लागि उपयुक्त समय।"
banke,wheat,30,fallow,"Field resting period — good time for green manuring, soil testing and bund repair.","खेत बाँझो रहने समय — हरियो मल, माटो परीक्षण र आली मर्मतका लागि उपयुक्त समय।"
banke,wheat,31,fallow,"Field resting period — good time for green manuring, soil testing and bund repair.","खेत बाँझो रहने समय — हरियो मल, माटो परीक्षण र आली मर्मतका लागि उपयुक्त समय।"
banke,wheat,32,fallow,"Field resting period — good time for green manuring, soil testing and bund repair.","खेत बाँझो रहने समय — हरियो मल, माटो परीक्षण र आली मर्मतका लागि उपयुक्त समय।"
banke,wheat,33,fallow,"Field resting period — good time for green manuring, soil testing and bund repair.","खेत बाँझो रहने समय — हरियो मल, माटो परीक्षण र आली मर्मतका लागि उपयुक्त समय।"
banke,wheat,34,fallow,"Field resting period — good time for green manuring, soil testing and bund repair.","खेत बाँझो रहने समय — हरियो मल, माटो परीक्षण र आली मर्मतका लागि उपयुक्त समय।"
banke,wheat,35,fallow,"Field resting period — good time for green manuring, soil testing and bund repair.","खेत बाँझो रहने समय — हरियो मल, माटो परीक्षण र आली मर्मतका लागि उपयुक्त समय।"
banke,wheat,36,fallow,"Field resting period — good time for green manuring, soil testing and bund repair.","खेत बाँझो रहने समय — हरियो मल, माटो परीक्षण र आली मर्मतका लागि उपयुक्त समय।"
banke,wheat,37,fallow,"Field resting period — good time for green manuring, soil testing and bund repair.","खेत बाँझो रहने समय — हरियो मल, माटो परीक्षण र आली मर्मतका लागि उपयुक्त समय।"
banke,wheat,38,fallow,"Field resting period — good time for green manuring, soil testing and bund repair.","खेत बाँझो रहने समय — हरियो मल, माटो परीक्षण र आली मर्मतका लागि उपयुक्त समय।"
banke,wheat,39,fallow,"Field resting period — good time for green manuring, soil testing and bund repair.","खेत बाँझो रहने समय — हरियो मल, माटो परीक्षण र आली मर्मतका लागि उपयुक्त समय।"
banke,wheat,40,fallow,"Field resting period — good time for green manuring, soil testing and bund repair.","खेत बाँझो रहने समय — हरियो मल, माटो परीक्षण र आली मर्मतका लागि उपयुक्त समय।"
banke,wheat,41,fallow,"Field resting period — good time for green manuring, soil testing and bund repair.","खेत बाँझो रहने समय — हरियो मल, माटो परीक्षण र आली मर्मतका लागि उपयुक्त समय।"
banke,wheat,42,fallow,"Field resting period — good time for green manuring, soil testing and bund repair.","खेत बाँझो रहने समय — हरियो मल, माटो परीक्षण र आली मर्मतका लागि उपयुक्त समय।"
banke,wheat,43,fallow,"Field resting period — good time for green manuring, soil testing and bund repair.","खेत बाँझो रहने समय — हरियो मल, माटो परीक्षण र आली मर्मतका लागि उपयुक्त समय।"
banke,wheat,44,fallow,"Field resting period — good time for green manuring, soil testing and bund repair.","खेत बाँझो रहने समय — हरियो मल, माटो परीक्षण र आली मर्मतका लागि उपयुक्त समय।"
banke,wheat,45,land-prep,Prepare fields immediately after paddy harvest; residual moisture reduces first-irrigation need.,धान कटानीलगत्तै खेत तयार गर्नुहोस्; बाँकी चिस्यानले पहिलो सिँचाइको आवश्यकता घटाउँछ।
banke,wheat,46,land-prep,Prepare fields immediately after paddy harvest; residual moisture reduces first-irrigation need.,धान कटानीलगत्तै खेत तयार गर्नुहोस्; बाँकी चिस्यानले पहिलो सिँचाइको आवश्यकता घटाउँछ।
banke,wheat,47,sowing,Sow by early December — every week's delay after Mangsir cuts yield; use seed drill where available.,मंसिरको सुरुसम्ममा छर्नुहोस् — त्यसपछिको हरेक हप्ताको ढिलाइले उत्पादन घट्छ; सम्भव भए सिड ड्रिल प्रयोग गर्नुहोस्।
banke,wheat,48,sowing,Sow by early December — every week's delay after Mangsir cuts yield; use seed drill where available.,मंसिरको सुरुसम्ममा छर्नुहोस् — त्यसपछिको हरेक हप्ताको ढिलाइले उत्पादन घट्छ; सम्भव भए सिड ड्रिल प्रयोग गर्नुहोस्।
banke,wheat,49,sowing,Sow by early December — every week's delay after Mangsir cuts yield; use seed drill where available.,मंसिरको सुरुसम्ममा छर्नुहोस् — त्यसपछिको हरेक हप्ताको ढिलाइले उत्पादन घट्छ; सम्भव भए सिड ड्रिल प्रयोग गर्नुहोस्।
banke,wheat,50,sowing,Sow by early December — every week's delay after Mangsir cuts yield; use seed drill where available.,मंसिरको सुरुसम्ममा छर्नुहोस् — त्यसपछिको हरेक हप्ताको ढिलाइले उत्पादन घट्छ; सम्भव भए सिड ड्रिल प्रयोग गर्नुहोस्।
banke,wheat,51,vegetative,Cold spells and fog are common; irrigate at crown-root initiation (~21 days after sowing).,शीतलहर र कुहिरो सामान्य हो; छरेको करिब २१ दिनपछि (मुख्य जरा बन्ने बेला) सिँचाइ गर्नुहोस्।
banke,wheat,52,vegetative,Cold spells and fog are common; irrigate at crown-root initiation (~21 days after sowing).,शीतलहर र कुहिरो सामान्य हो; छरेको करिब २१ दिनपछि (मुख्य जरा बन्ने बेला) सिँचाइ गर्नुहोस्।
banke,maize,1,fallow,"Field resting period — good time for green manuring, soil testing and bund repair.","खेत बाँझो रहने समय — हरियो मल, माटो परीक्षण र आली मर्मतका लागि उपयुक्त समय।"
banke,maize,2,fallow,"Field resting period — good time for green manuring, soil testing and bund repair.","खेत बाँझो रहने समय — हरियो मल, माटो परीक्षण र आली मर्मतका लागि उपयुक्त समय।"
banke,maize,3,fallow,"Field resting period — good time for green manuring, soil testing and bund repair.","खेत बाँझो रहने समय — हरियो मल, माटो परीक्षण र आली मर्मतका लागि उपयुक्त समय।"
banke,maize,4,fallow,"Field resting period — good time for green manuring, soil testing and bund repair.","खेत बाँझो रहने समय — हरियो मल, माटो परीक्षण र आली मर्मतका लागि उपयुक्त समय।"
banke,maize,5,fallow,"Field resting period — good time for green manuring, soil testing and bund repair.","खेत बाँझो रहने समय — हरियो मल, माटो परीक्षण र आली मर्मतका लागि उपयुक्त समय।"
banke,maize,6,fallow,"Field resting period — good time for green manuring, soil testing and bund repair.","खेत बाँझो रहने समय — हरियो मल, माटो परीक्षण र आली मर्मतका लागि उपयुक्त समय।"
banke,maize,7,land-prep,Ensure good tilth for spring maize; residual winter moisture helps germination.,वसन्ते मकैका लागि माटो राम्रोसँग बुझाउनुहोस्; हिउँदे चिस्यानले उमारमा मद्दत गर्छ।
banke,maize,8,land-prep,Ensure good tilth for spring maize; residual winter moisture helps germination.,वसन्ते मकैका लागि माटो राम्रोसँग बुझाउनुहोस्; हिउँदे चिस्यानले उमारमा मद्दत गर्छ।
banke,maize,9,sowing,Sow when soil temperature is rising (Feb–Mar); protect seed from birds and cutworms.,माटोको तापक्रम बढ्दै गर्दा (फागुन–चैत) छर्नुहोस्; चरा र फेदकटुवा कीराबाट बीउ जोगाउनुहोस्।
banke,maize,10,sowing,Sow when soil temperature is rising (Feb–Mar); protect seed from birds and cutworms.,माटोको तापक्रम बढ्दै गर्दा (फागुन–चैत) छर्नुहोस्; चरा र फेदकटुवा कीराबाट बीउ जोगाउनुहोस्।
banke,maize,11,sowing,Sow when soil temperature is rising (Feb–Mar); protect seed from birds and cutworms.,माटोको तापक्रम बढ्दै गर्दा (फागुन–चैत) छर्नुहोस्; चरा र फेदकटुवा कीराबाट बीउ जोगाउनुहोस्।
banke,maize,12,sowing,Sow when soil temperature is rising (Feb–Mar); protect seed from birds and cutworms.,माटोको तापक्रम बढ्दै गर्दा (फागुन–चैत) छर्नुहोस्; चरा र फेदकटुवा कीराबाट बीउ जोगाउनुहोस्।
banke,maize,13,vegetative,Pre-monsoon dry spells: irrigate at knee-high stage; fall armyworm scouting every week.,मनसुनअघिको खडेरी: घुँडा उचाइमा सिँचाइ गर्नुहोस्; अमेरिकी फौजी कीराको साप्ताहिक निगरानी गर्नुहोस्।
banke,maize,14,vegetative,Pre-monsoon dry spells: irrigate at knee-high stage; fall armyworm scouting every week.,मनसुनअघिको खडेरी: घुँडा उचाइमा सिँचाइ गर्नुहोस्; अमेरिकी फौजी कीराको साप्ताहिक निगरानी गर्नुहोस्।
banke,maize,15,vegetative,Pre-monsoon dry spells: irrigate at knee-high stage; fall armyworm scouting every week.,मनसुनअघिको खडेरी: घुँडा उचाइमा सिँचाइ गर्नुहोस्; अमेरिकी फौजी कीराको साप्ताहिक निगरानी गर्नुहोस्।
banke,maize,16,vegetative,Pre-monsoon dry spells: irrigate at knee-high stage; fall armyworm scouting every week.,मनसुनअघिको खडेरी: घुँडा उचाइमा सिँचाइ गर्नुहोस्; अमेरिकी फौजी कीराको साप्ताहिक निगरानी गर्नुहोस्।
banke,maize,17,vegetative,Pre-monsoon dry spells: irrigate at knee-high stage; fall armyworm scouting every week.,मनसुनअघिको खडेरी: घुँडा उचाइमा सिँचाइ गर्नुहोस्; अमेरिकी फौजी कीराको साप्ताहिक निगरानी गर्नुहोस्।
banke,maize,18,vegetative,Pre-monsoon dry spells: irrigate at knee-high stage; fall armyworm scouting every week.,मनसुनअघिको खडेरी: घुँडा उचाइमा सिँचाइ गर्नुहोस्; अमेरिकी फौजी कीराको साप्ताहिक निगरानी गर्नुहोस्।
banke,maize,19,flowering,Tasseling–silking is the most drought-sensitive window; a single missed irrigation can halve yield.,जुँगा निस्कने बेला खडेरीप्रति सबैभन्दा संवेदनशील समय हो; एक पटक सिँचाइ छुटे उत्पादन आधा घट्न सक्छ।
banke,maize,20,flowering,Tasseling–silking is the most drought-sensitive window; a single missed irrigation can halve yield.,जुँगा निस्कने बेला खडेरीप्रति सबैभन्दा संवेदनशील समय हो; एक पटक सिँचाइ छुटे उत्पादन आधा घट्न सक्छ।
banke,maize,21,flowering,Tasseling–silking is the most drought-sensitive window; a single missed irrigation can halve yield.,जुँगा निस्कने बेला खडेरीप्रति सबैभन्दा संवेदनशील समय हो; एक पटक सिँचाइ छुटे उत्पादन आधा घट्न सक्छ।
banke,maize,22,grain-fill,Early monsoon storms can lodge tall crops; earth-up rows for anchorage.,मनसुन सुरुका हुरीले अग्लो बाली ढाल्न सक्छ; बोटलाई माटो चढाउनुहोस्।
banke,maize,23,grain-fill,Early monsoon storms can lodge tall crops; earth-up rows for anchorage.,मनसुन सुरुका हुरीले अग्लो बाली ढाल्न सक्छ; बोटलाई माटो चढाउनुहोस्।
banke,maize,24,grain-fill,Early monsoon storms can lodge tall crops; earth-up rows for anchorage.,मनसुन सुरुका हुरीले अग्लो बाली ढाल्न सक्छ; बोटलाई माटो चढाउनुहोस्।
banke,maize,25,harvest,Harvest before peak monsoon; dry cobs to below 14% moisture to avoid aflatoxin.,मनसुन चरममा पुग्नुअघि भित्र्याउनुहोस्; ढुसी (एफ्लाटक्सिन) बाट जोगाउन घोगा १४% भन्दा कम चिस्यानसम्म सुकाउनुहोस्।
banke,maize,26,harvest,Harvest before peak monsoon; dry cobs to below 14% moisture to avoid aflatoxin.,मनसुन चरममा पुग्नुअघि भित्र्याउनुहोस्; ढुसी (एफ्लाटक्सिन) बाट जोगाउन घोगा १४% भन्दा कम चिस्यानसम्म सुकाउनुहोस्।
banke,maize,27,harvest,Harvest before peak monsoon; dry cobs to below 14% moisture to avoid aflatoxin.,मनसुन चरममा पुग्नुअघि भित्र्याउनुहोस्; ढुसी (एफ्लाटक्सिन) बाट जोगाउन घोगा १४% भन्दा कम चिस्यानसम्म सुकाउनुहोस्।
banke,maize,28,post-harvest,"Dry, grade and store produce properly; hermetic bags reduce storage pest losses.","उपज राम्ररी सुकाएर, छानेर भण्डारण गर्नुहोस्; हावा नछिर्ने बोराले भण्डारण कीराको क्षति घटाउँछ।"
banke,maize,29,post-harvest,"Dry, grade and store produce properly; hermetic bags reduce storage pest losses.","उपज राम्ररी सुकाएर, छानेर भण्डारण गर्नुहोस्; हावा नछिर्ने बोराले भण्डारण कीराको क्षति घटाउँछ।"
banke,maize,30,post-harvest,"Dry, grade and store produce properly; hermetic bags reduce storage pest losses.","उपज राम्ररी सुकाएर, छानेर भण्डारण गर्नुहोस्; हावा नछिर्ने बोराले भण्डारण कीराको क्षति घटाउँछ।"
banke,maize,31,fallow,"Field resting period — good time for green manuring, soil testing and bund repair.","खेत बाँझो रहने समय — हरियो मल, माटो परीक्षण र आली मर्मतका लागि उपयुक्त समय।"
banke,maize,32,fallow,"Field resting period — good time for green manuring, soil testing and bund repair.","खेत बाँझो रहने समय — हरियो मल, माटो परीक्षण र आली मर्मतका लागि उपयुक्त समय।"
banke,maize,33,fallow,"Field resting period — good time for green manuring, soil testing and bund repair.","खेत बाँझो रहने समय — हरियो मल, माटो परीक्षण र आली मर्मतका लागि उपयुक्त समय।"
banke,maize,34,fallow,"Field resting period — good time for green manuring, soil testing and bund repair.","खेत बाँझो रहने समय — हरियो मल, माटो परीक्षण र आली मर्मतका लागि उपयुक्त समय।"
banke,maize,35,fallow,"Field resting period — good time for green manuring, soil testing and bund repair.","खेत बाँझो रहने समय — हरियो मल, माटो परीक्षण र आली मर्मतका लागि उपयुक्त समय।"
banke,maize,36,fallow,"Field resting period — good time for green manuring, soil testing and bund repair.","खेत बाँझो रहने समय — हरियो मल, माटो परीक्षण र आली मर्मतका लागि उपयुक्त समय।"
banke,maize,37,fallow,"Field resting period — good time for green manuring, soil testing and bund repair.","खेत बाँझो रहने समय — हरियो मल, माटो परीक्षण र आली मर्मतका लागि उपयुक्त समय।"
banke,maize,38,fallow,"Field resting period — good time for green manuring, soil testing and bund repair.","खेत बाँझो रहने समय — हरियो मल, माटो परीक्षण र आली मर्मतका लागि उपयुक्त समय।"
banke,maize,39,fallow,"Field resting period — good time for green manuring, soil testing and bund repair.","खेत बाँझो रहने समय — हरियो मल, माटो परीक्षण र आली मर्मतका लागि उपयुक्त समय।"
banke,maize,40,fallow,"Field resting period — good time for green manuring, soil testing and bund repair.","खेत बाँझो रहने समय — हरियो मल, माटो परीक्षण र आली मर्मतका लागि उपयुक्त समय।"
banke,maize,41,fallow,"Field resting period — good time for green manuring, soil testing and bund repair.","खेत बाँझो रहने समय — हरियो मल, माटो परीक्षण र आली मर्मतका लागि उपयुक्त समय।"
banke,maize,42,fallow,"Field resting period — good time for green manuring, soil testing and bund repair.","खेत बाँझो रहने समय — हरियो मल, माटो परीक्षण र आली मर्मतका लागि उपयुक्त समय।"
banke,maize,43,fallow,"Field resting period — good time for green manuring, soil testing and bund repair.","खेत बाँझो रहने समय — हरियो मल, माटो परीक्षण र आली मर्मतका लागि उपयुक्त समय।"
banke,maize,44,fallow,"Field resting period — good time for green manuring, soil testing and bund repair.","खेत बाँझो रहने समय — हरियो मल, माटो परीक्षण र आली मर्मतका लागि उपयुक्त समय।"
banke,maize,45,fallow,"Field resting period — good time for green manuring, soil testing and bund repair.","खेत बाँझो रहने समय — हरियो मल, माटो परीक्षण र आली मर्मतका लागि उपयुक्त समय।"
banke,maize,46,fallow,"Field resting period — good time for green manuring, soil testing and bund repair.","खेत बाँझो रहने समय — हरियो मल, माटो परीक्षण र आली मर्मतका लागि उपयुक्त समय।"
banke,maize,47,fallow,"Field resting period — good time for green manuring, soil testing and bund repair.","खेत बाँझो रहने समय — हरियो मल, माटो परीक्षण र आली मर्मतका लागि उपयुक्त समय।"
banke,maize,48,fallow,"Field resting period — good time for green manuring, soil testing and bund repair.","खेत बाँझो रहने समय — हरियो मल, माटो परीक्षण र आली मर्मतका लागि उपयुक्त समय।"
banke,maize,49,fallow,"Field resting period — good time for green manuring, soil testing and bund repair.","खेत बाँझो रहने समय — हरियो मल, माटो परीक्षण र आली मर्मतका लागि उपयुक्त समय।"
banke,maize,50,fallow,"Field resting period — good time for green manuring, soil testing and bund repair.","खेत बाँझो रहने समय — हरियो मल, माटो परीक्षण र आली मर्मतका लागि उपयुक्त समय।"
banke,maize,51,fallow,"Field resting period — good time for green manuring, soil testing and bund repair.","खेत बाँझो रहने समय — हरियो मल, माटो परीक्षण र आली मर्मतका लागि उपयुक्त समय।"
banke,maize,52,fallow,"Field resting period — good time for green manuring, soil testing and bund repair.","खेत बाँझो रहने समय — हरियो मल, माटो परीक्षण र आली मर्मतका लागि उपयुक्त समय।"
banke,mustard,1,grain-fill,Unseasonal winter rain causes pod shattering and disease; drain standing water quickly.,बेमौसमी हिउँदे वर्षाले कोसा फुट्ने र रोग लाग्ने हुन्छ; जमेको पानी तुरुन्त निकास गर्नुहोस्।
banke,mustard,2,grain-fill,Unseasonal winter rain causes pod shattering and disease; drain standing water quickly.,बेमौसमी हिउँदे वर्षाले कोसा फुट्ने र रोग लाग्ने हुन्छ; जमेको पानी तुरुन्त निकास गर्नुहोस्।
banke,mustard,3,grain-fill,Unseasonal winter rain causes pod shattering and disease; drain standing water quickly.,बेमौसमी हिउँदे वर्षाले कोसा फुट्ने र रोग लाग्ने हुन्छ; जमेको पानी तुरुन्त निकास गर्नुहोस्।
banke,mustard,4,harvest,Harvest when 75% pods turn yellow-brown; over-drying in field shatters seed.,७५% कोसा पहेँलो-खैरो भएपछि काट्नुहोस्; खेतमै धेरै सुकाए बीउ झर्छ।
banke,mustard,5,harvest,Harvest when 75% pods turn yellow-brown; over-drying in field shatters seed.,७५% कोसा पहेँलो-खैरो भएपछि काट्नुहोस्; खेतमै धेरै सुकाए बीउ झर्छ।
banke,mustard,6,harvest,Harvest when 75% pods turn yellow-brown; over-drying in field shatters seed.,७५% कोसा पहेँलो-खैरो भएपछि काट्नुहोस्; खेतमै धेरै सुकाए बीउ झर्छ।
banke,mustard,7,harvest,Harvest when 75% pods turn yellow-brown; over-drying in field shatters seed.,७५% कोसा पहेँलो-खैरो भएपछि काट्नुहोस्; खेतमै धेरै सुकाए बीउ झर्छ।
banke,mustard,8,post-harvest,"Dry, grade and store produce properly; hermetic bags reduce storage pest losses.","उपज राम्ररी सुकाएर, छानेर भण्डारण गर्नुहोस्; हावा नछिर्ने बोराले भण्डारण कीराको क्षति घटाउँछ।"
banke,mustard,9,post-harvest,"Dry, grade and store produce properly; hermetic bags reduce storage pest losses.","उपज राम्ररी सुकाएर, छानेर भण्डारण गर्नुहोस्; हावा नछिर्ने बोराले भण्डारण कीराको क्षति घटाउँछ।"
banke,mustard,10,post-harvest,"Dry, grade and store produce properly; hermetic bags reduce storage pest losses.","उपज राम्ररी सुकाएर, छानेर भण्डारण गर्नुहोस्; हावा नछिर्ने बोराले भण्डारण कीराको क्षति घटाउँछ।"
banke,mustard,11,fallow,"Field resting period — good time for green manuring, soil testing and bund repair.","खेत बाँझो रहने समय — हरियो मल, माटो परीक्षण र आली मर्मतका लागि उपयुक्त समय।"
banke,mustard,12,fallow,"Field resting period — good time for green manuring, soil testing and bund repair.","खेत बाँझो रहने समय — हरियो मल, माटो परीक्षण र आली मर्मतका लागि उपयुक्त समय।"
banke,mustard,13,fallow,"Field resting period — good time for green manuring, soil testing and bund repair.","खेत बाँझो रहने समय — हरियो मल, माटो परीक्षण र आली मर्मतका लागि उपयुक्त समय।"
banke,mustard,14,fallow,"Field resting period — good time for green manuring, soil testing and bund repair.","खेत बाँझो रहने समय — हरियो मल, माटो परीक्षण र आली मर्मतका लागि उपयुक्त समय।"
banke,mustard,15,fallow,"Field resting period — good time for green manuring, soil testing and bund repair.","खेत बाँझो रहने समय — हरियो मल, माटो परीक्षण र आली मर्मतका लागि उपयुक्त समय।"
banke,mustard,16,fallow,"Field resting period — good time for green manuring, soil testing and bund repair.","खेत बाँझो रहने समय — हरियो मल, माटो परीक्षण र आली मर्मतका लागि उपयुक्त समय।"
banke,mustard,17,fallow,"Field resting period — good time for green manuring, soil testing and bund repair.","खेत बाँझो रहने समय — हरियो मल, माटो परीक्षण र आली मर्मतका लागि उपयुक्त समय।"
banke,mustard,18,fallow,"Field resting period — good time for green manuring, soil testing and bund repair.","खेत बाँझो रहने समय — हरियो मल, माटो परीक्षण र आली मर्मतका लागि उपयुक्त समय।"
banke,mustard,19,fallow,"Field resting period — good time for green manuring, soil testing and bund repair.","खेत बाँझो रहने समय — हरियो मल, माटो परीक्षण र आली मर्मतका लागि उपयुक्त समय।"
banke,mustard,20,fallow,"Field resting period — good time for green manuring, soil testing and bund repair.","खेत बाँझो रहने समय — हरियो मल, माटो परीक्षण र आली मर्मतका लागि उपयुक्त समय।"
banke,mustard,21,fallow,"Field resting period — good time for green manuring, soil testing and bund repair.","खेत बाँझो रहने समय — हरियो मल, माटो परीक्षण र आली मर्मतका लागि उपयुक्त समय।"
banke,mustard,22,fallow,"Field resting period — good time for green manuring, soil testing and bund repair.","खेत बाँझो रहने समय — हरियो मल, माटो परीक्षण र आली मर्मतका लागि उपयुक्त समय।"
banke,mustard,23,fallow,"Field resting period — good time for green manuring, soil testing and bund repair.","खेत बाँझो रहने समय — हरियो मल, माटो परीक्षण र आली मर्मतका लागि उपयुक्त समय।"
banke,mustard,24,fallow,"Field resting period — good time for green manuring, soil testing and bund repair.","खेत बाँझो रहने समय — हरियो मल, माटो परीक्षण र आली मर्मतका लागि उपयुक्त समय।"
banke,mustard,25,fallow,"Field resting period — good time for green manuring, soil testing and bund repair.","खेत बाँझो रहने समय — हरियो मल, माटो परीक्षण र आली मर्मतका लागि उपयुक्त समय।"
banke,mustard,26,fallow,"Field resting period — good time for green manuring, soil testing and bund repair.","खेत बाँझो रहने समय — हरियो मल, माटो परीक्षण र आली मर्मतका लागि उपयुक्त समय।"
banke,mustard,27,fallow,"Field resting period — good time for green manuring, soil testing and bund repair.","खेत बाँझो रहने समय — हरियो मल, माटो परीक्षण र आली मर्मतका लागि उपयुक्त समय।"
banke,mustard,28,fallow,"Field resting period — good time for green manuring, soil testing and bund repair.","खेत बाँझो रहने समय — हरियो मल, माटो परीक्षण र आली मर्मतका लागि उपयुक्त समय।"
banke,mustard,29,fallow,"Field resting period — good time for green manuring, soil testing and bund repair.","खेत बाँझो रहने समय — हरियो मल, माटो परीक्षण र आली मर्मतका लागि उपयुक्त समय।"
banke,mustard,30,fallow,"Field resting period — good time for green manuring, soil testing and bund repair.","खेत बाँझो रहने समय — हरियो मल, माटो परीक्षण र आली मर्मतका लागि उपयुक्त समय।"
banke,mustard,31,fallow,"Field resting period — good time for green manuring, soil testing and bund repair.","खेत बाँझो रहने समय — हरियो मल, माटो परीक्षण र आली मर्मतका लागि उपयुक्त समय।"
banke,mustard,32,fallow,"Field resting period — good time for green manuring, soil testing and bund repair.","खेत बाँझो रहने समय — हरियो मल, माटो परीक्षण र आली मर्मतका लागि उपयुक्त समय।"
banke,mustard,33,fallow,"Field resting period — good time for green manuring, soil testing and bund repair.","खेत बाँझो रहने समय — हरियो मल, माटो परीक्षण र आली मर्मतका लागि उपयुक्त समय।"
banke,mustard,34,fallow,"Field resting period — good time for green manuring, soil testing and bund repair.","खेत बाँझो रहने समय — हरियो मल, माटो परीक्षण र आली मर्मतका लागि उपयुक्त समय।"
banke,mustard,35,fallow,"Field resting period — good time for green manuring, soil testing and bund repair.","खेत बाँझो रहने समय — हरियो मल, माटो परीक्षण र आली मर्मतका लागि उपयुक्त समय।"
banke,mustard,36,fallow,"Field resting period — good time for green manuring, soil testing and bund repair.","खेत बाँझो रहने समय — हरियो मल, माटो परीक्षण र आली मर्मतका लागि उपयुक्त समय।"
banke,mustard,37,fallow,"Field resting period — good time for green manuring, soil testing and bund repair.","खेत बाँझो रहने समय — हरियो मल, माटो परीक्षण र आली मर्मतका लागि उपयुक्त समय।"
banke,mustard,38,fallow,"Field resting period — good time for green manuring, soil testing and bund repair.","खेत बाँझो रहने समय — हरियो मल, माटो परीक्षण र आली मर्मतका लागि उपयुक्त समय।"
banke,mustard,39,land-prep,Fine tilth needed for small seed; conserve residual monsoon moisture.,सानो बीउका लागि मसिनो माटो चाहिन्छ; मनसुनको बाँकी चिस्यान जोगाउनुहोस्।
banke,mustard,40,land-prep,Fine tilth needed for small seed; conserve residual monsoon moisture.,सानो बीउका लागि मसिनो माटो चाहिन्छ; मनसुनको बाँकी चिस्यान जोगाउनुहोस्।
banke,mustard,41,sowing,Sow late September–October with residual moisture; late sowing increases aphid exposure.,असोज–कात्तिकमा बाँकी चिस्यानमै छर्नुहोस्; ढिलो छरे लाही कीराको प्रकोप बढ्छ।
banke,mustard,42,sowing,Sow late September–October with residual moisture; late sowing increases aphid exposure.,असोज–कात्तिकमा बाँकी चिस्यानमै छर्नुहोस्; ढिलो छरे लाही कीराको प्रकोप बढ्छ।
banke,mustard,43,sowing,Sow late September–October with residual moisture; late sowing increases aphid exposure.,असोज–कात्तिकमा बाँकी चिस्यानमै छर्नुहोस्; ढिलो छरे लाही कीराको प्रकोप बढ्छ।
banke,mustard,44,vegetative,Thin to proper spacing; first irrigation ~30 days after sowing if no rain.,उचित दूरीमा बोट पातलो पार्नुहोस्; वर्षा नभए छरेको करिब ३० दिनपछि पहिलो सिँचाइ गर्नुहोस्।
banke,mustard,45,vegetative,Thin to proper spacing; first irrigation ~30 days after sowing if no rain.,उचित दूरीमा बोट पातलो पार्नुहोस्; वर्षा नभए छरेको करिब ३० दिनपछि पहिलो सिँचाइ गर्नुहोस्।
banke,mustard,46,vegetative,Thin to proper spacing; first irrigation ~30 days after sowing if no rain.,उचित दूरीमा बोट पातलो पार्नुहोस्; वर्षा नभए छरेको करिब ३० दिनपछि पहिलो सिँचाइ गर्नुहोस्।
banke,mustard,47,vegetative,Thin to proper spacing; first irrigation ~30 days after sowing if no rain.,उचित दूरीमा बोट पातलो पार्नुहोस्; वर्षा नभए छरेको करिब ३० दिनपछि पहिलो सिँचाइ गर्नुहोस्।
banke,mustard,48,flowering,Aphid pressure peaks in cool foggy weather; avoid spraying during bee foraging hours.,चिसो कुहिरो लाग्दा लाही कीराको प्रकोप बढ्छ; मौरी चर्ने समयमा विषादी नछर्नुहोस्।
banke,mustard,49,flowering,Aphid pressure peaks in cool foggy weather; avoid spraying during bee foraging hours.,चिसो कुहिरो लाग्दा लाही कीराको प्रकोप बढ्छ; मौरी चर्ने समयमा विषादी नछर्नुहोस्।
banke,mustard,50,flowering,Aphid pressure peaks in cool foggy weather; avoid spraying during bee foraging hours.,चिसो कुहिरो लाग्दा लाही कीराको प्रकोप बढ्छ; मौरी चर्ने समयमा विषादी नछर्नुहोस्।
banke,mustard,51,flowering,Aphid pressure peaks in cool foggy weather; avoid spraying during bee foraging hours.,चिसो कुहिरो लाग्दा लाही कीराको प्रकोप बढ्छ; मौरी चर्ने समयमा विषादी नछर्नुहोस्।
banke,mustard,52,grain-fill,Unseasonal winter rain causes pod shattering and disease; drain standing water quickly.,बेमौसमी हिउँदे वर्षाले कोसा फुट्ने र रोग लाग्ने हुन्छ; जमेको पानी तुरुन्त निकास गर्नुहोस्।
banke,sugarcane,1,harvest,Harvest Dec–Feb at peak sucrose; crush within 24–48 hours of cutting.,चिनीको मात्रा उच्च हुँदा (पुस–माघ) कटानी गर्नुहोस्; काटेको २४–४८ घण्टाभित्र पेल्नुहोस्।
banke,sugarcane,2,harvest,Harvest Dec–Feb at peak sucrose; crush within 24–48 hours of cutting.,चिनीको मात्रा उच्च हुँदा (पुस–माघ) कटानी गर्नुहोस्; काटेको २४–४८ घण्टाभित्र पेल्नुहोस्।
banke,sugarcane,3,harvest,Harvest Dec–Feb at peak sucrose; crush within 24–48 hours of cutting.,चिनीको मात्रा उच्च हुँदा (पुस–माघ) कटानी गर्नुहोस्; काटेको २४–४८ घण्टाभित्र पेल्नुहोस्।
banke,sugarcane,4,harvest,Harvest Dec–Feb at peak sucrose; crush within 24–48 hours of cutting.,चिनीको मात्रा उच्च हुँदा (पुस–माघ) कटानी गर्नुहोस्; काटेको २४–४८ घण्टाभित्र पेल्नुहोस्।
banke,sugarcane,5,harvest,Harvest Dec–Feb at peak sucrose; crush within 24–48 hours of cutting.,चिनीको मात्रा उच्च हुँदा (पुस–माघ) कटानी गर्नुहोस्; काटेको २४–४८ घण्टाभित्र पेल्नुहोस्।
banke,sugarcane,6,harvest,Harvest Dec–Feb at peak sucrose; crush within 24–48 hours of cutting.,चिनीको मात्रा उच्च हुँदा (पुस–माघ) कटानी गर्नुहोस्; काटेको २४–४८ घण्टाभित्र पेल्नुहोस्।
banke,sugarcane,7,land-prep,Deep ploughing and furrow preparation; plan setts from disease-free nursery.,गहिरो जोताइ र कुलेसो तयारी गर्नुहोस्; रोगमुक्त नर्सरीबाट बीउ टुक्रा (सेट) योजना गर्नुहोस्।
banke,sugarcane,8,land-prep,Deep ploughing and furrow preparation; plan setts from disease-free nursery.,गहिरो जोताइ र कुलेसो तयारी गर्नुहोस्; रोगमुक्त नर्सरीबाट बीउ टुक्रा (सेट) योजना गर्नुहोस्।
banke,sugarcane,9,sowing,Plant three-bud setts Feb–Mar; irrigate immediately after planting in dry spring.,फागुन–चैतमा तीन आँख्ला भएका टुक्रा रोप्नुहोस्; सुख्खा वसन्तमा रोपेलगत्तै सिँचाइ गर्नुहोस्।
banke,sugarcane,10,sowing,Plant three-bud setts Feb–Mar; irrigate immediately after planting in dry spring.,फागुन–चैतमा तीन आँख्ला भएका टुक्रा रोप्नुहोस्; सुख्खा वसन्तमा रोपेलगत्तै सिँचाइ गर्नुहोस्।
banke,sugarcane,11,sowing,Plant three-bud setts Feb–Mar; irrigate immediately after planting in dry spring.,फागुन–चैतमा तीन आँख्ला भएका टुक्रा रोप्नुहोस्; सुख्खा वसन्तमा रोपेलगत्तै सिँचाइ गर्नुहोस्।
banke,sugarcane,12,sowing,Plant three-bud setts Feb–Mar; irrigate immediately after planting in dry spring.,फागुन–चैतमा तीन आँख्ला भएका टुक्रा रोप्नुहोस्; सुख्खा वसन्तमा रोपेलगत्तै सिँचाइ गर्नुहोस्।
banke,sugarcane,13,sowing,Plant three-bud setts Feb–Mar; irrigate immediately after planting in dry spring.,फागुन–चैतमा तीन आँख्ला भएका टुक्रा रोप्नुहोस्; सुख्खा वसन्तमा रोपेलगत्तै सिँचाइ गर्नुहोस्।
banke,sugarcane,14,vegetative,Tillering and grand growth through monsoon; earth-up and tie canes before storm season.,मनसुनभर गाँज हाल्ने र तीव्र वृद्धि हुन्छ; हुरी मौसमअघि माटो चढाउने र उखु बाँध्ने काम गर्नुहोस्।
banke,sugarcane,15,vegetative,Tillering and grand growth through monsoon; earth-up and tie canes before storm season.,मनसुनभर गाँज हाल्ने र तीव्र वृद्धि हुन्छ; हुरी मौसमअघि माटो चढाउने र उखु बाँध्ने काम गर्नुहोस्।
banke,sugarcane,16,vegetative,Tillering and grand growth through monsoon; earth-up and tie canes before storm season.,मनसुनभर गाँज हाल्ने र तीव्र वृद्धि हुन्छ; हुरी मौसमअघि माटो चढाउने र उखु बाँध्ने काम गर्नुहोस्।
banke,sugarcane,17,vegetative,Tillering and grand growth through monsoon; earth-up and tie canes before storm season.,मनसुनभर गाँज हाल्ने र तीव्र वृद्धि हुन्छ; हुरी मौसमअघि माटो चढाउने र उखु बाँध्ने काम गर्नुहोस्।
banke,sugarcane,18,vegetative,Tillering and grand growth through monsoon; earth-up and tie canes before storm season.,मनसुनभर गाँज हाल्ने र तीव्र वृद्धि हुन्छ; हुरी मौसमअघि माटो चढाउने र उखु बाँध्ने काम गर्नुहोस्।
banke,sugarcane,19,vegetative,Tillering and grand growth through monsoon; earth-up and tie canes before storm season.,मनसुनभर गाँज हाल्ने र तीव्र वृद्धि हुन्छ; हुरी मौसमअघि माटो चढाउने र उखु बाँध्ने काम गर्नुहोस्।
banke,sugarcane,20,vegetative,Tillering and grand growth through monsoon; earth-up and tie canes before storm season.,मनसुनभर गाँज हाल्ने र तीव्र वृद्धि हुन्छ; हुरी मौसमअघि माटो चढाउने र उखु बाँध्ने काम गर्नुहोस्।
banke,sugarcane,21,vegetative,Tillering and grand growth through monsoon; earth-up and tie canes before storm season.,मनसुनभर गाँज हाल्ने र तीव्र वृद्धि हुन्छ; हुरी मौसमअघि माटो चढाउने र उखु बाँध्ने काम गर्नुहोस्।
banke,sugarcane,22,vegetative,Tillering and grand growth through monsoon; earth-up and tie canes before storm season.,मनसुनभर गाँज हाल्ने र तीव्र वृद्धि हुन्छ; हुरी मौसमअघि माटो चढाउने र उखु बाँध्ने काम गर्नुहोस्।
banke,sugarcane,23,vegetative,Tillering and grand growth through monsoon; earth-up and tie canes before storm season.,मनसुनभर गाँज हाल्ने र तीव्र वृद्धि हुन्छ; हुरी मौसमअघि माटो चढाउने र उखु बाँध्ने काम गर्नुहोस्।
banke,sugarcane,24,vegetative,Tillering and grand growth through monsoon; earth-up and tie canes before storm season.,मनसुनभर गाँज हाल्ने र तीव्र वृद्धि हुन्छ; हुरी मौसमअघि माटो चढाउने र उखु बाँध्ने काम गर्नुहोस्।
banke,sugarcane,25,vegetative,Tillering and grand growth through monsoon; earth-up and tie canes before storm season.,मनसुनभर गाँज हाल्ने र तीव्र वृद्धि हुन्छ; हुरी मौसमअघि माटो चढाउने र उखु बाँध्ने काम गर्नुहोस्।
banke,sugarcane,26,vegetative,Tillering and grand growth through monsoon; earth-up and tie canes before storm season.,मनसुनभर गाँज हाल्ने र तीव्र वृद्धि हुन्छ; हुरी मौसमअघि माटो चढाउने र उखु बाँध्ने काम गर्नुहोस्।
banke,sugarcane,27,vegetative,Tillering and grand growth through monsoon; earth-up and tie canes before storm season.,मनसुनभर गाँज हाल्ने र तीव्र वृद्धि हुन्छ; हुरी मौसमअघि माटो चढाउने र उखु बाँध्ने काम गर्नुहोस्।
banke,sugarcane,28,vegetative,Tillering and grand growth through monsoon; earth-up and tie canes before storm season.,मनसुनभर गाँज हाल्ने र तीव्र वृद्धि हुन्छ; हुरी मौसमअघि माटो चढाउने र उखु बाँध्ने काम गर्नुहोस्।
banke,sugarcane,29,vegetative,Tillering and grand growth through monsoon; earth-up and tie canes before storm season.,मनसुनभर गाँज हाल्ने र तीव्र वृद्धि हुन्छ; हुरी मौसमअघि माटो चढाउने र उखु बाँध्ने काम गर्नुहोस्।
banke,sugarcane,30,vegetative,Tillering and grand growth through monsoon; earth-up and tie canes before storm season.,मनसुनभर गाँज हाल्ने र तीव्र वृद्धि हुन्छ; हुरी मौसमअघि माटो चढाउने र उखु बाँध्ने काम गर्नुहोस्।
banke,sugarcane,31,vegetative,Tillering and grand growth through monsoon; earth-up and tie canes before storm season.,मनसुनभर गाँज हाल्ने र तीव्र वृद्धि हुन्छ; हुरी मौसमअघि माटो चढाउने र उखु बाँध्ने काम गर्नुहोस्।
banke,sugarcane,32,grain-fill,Sucrose accumulation improves with cool dry autumn; stop irrigation 2–3 weeks before harvest.,चिसो सुख्खा शरदमा चिनीको मात्रा बढ्छ; कटानीको २–३ हप्ताअघि सिँचाइ रोक्नुहोस्।
banke,sugarcane,33,grain-fill,Sucrose accumulation improves with cool dry autumn; stop irrigation 2–3 weeks before harvest.,चिसो सुख्खा शरदमा चिनीको मात्रा बढ्छ; कटानीको २–३ हप्ताअघि सिँचाइ रोक्नुहोस्।
banke,sugarcane,34,grain-fill,Sucrose accumulation improves with cool dry autumn; stop irrigation 2–3 weeks before harvest.,चिसो सुख्खा शरदमा चिनीको मात्रा बढ्छ; कटानीको २–३ हप्ताअघि सिँचाइ रोक्नुहोस्।
banke,sugarcane,35,grain-fill,Sucrose accumulation improves with cool dry autumn; stop irrigation 2–3 weeks before harvest.,चिसो सुख्खा शरदमा चिनीको मात्रा बढ्छ; कटानीको २–३ हप्ताअघि सिँचाइ रोक्नुहोस्।
banke,sugarcane,36,grain-fill,Sucrose accumulation improves with cool dry autumn; stop irrigation 2–3 weeks before harvest.,चिसो सुख्खा शरदमा चिनीको मात्रा बढ्छ; कटानीको २–३ हप्ताअघि सिँचाइ रोक्नुहोस्।
banke,sugarcane,37,grain-fill,Sucrose accumulation improves with cool dry autumn; stop irrigation 2–3 weeks before harvest.,चिसो सुख्खा शरदमा चिनीको मात्रा बढ्छ; कटानीको २–३ हप्ताअघि सिँचाइ रोक्नुहोस्।
banke,sugarcane,38,grain-fill,Sucrose accumulation improves with cool dry autumn; stop irrigation 2–3 weeks before harvest.,चिसो सुख्खा शरदमा चिनीको मात्रा बढ्छ; कटानीको २–३ हप्ताअघि सिँचाइ रोक्नुहोस्।
banke,sugarcane,39,grain-fill,Sucrose accumulation improves with cool dry autumn; stop irrigation 2–3 weeks before harvest.,चिसो सुख्खा शरदमा चिनीको मात्रा बढ्छ; कटानीको २–३ हप्ताअघि सिँचाइ रोक्नुहोस्।
banke,sugarcane,40,grain-fill,Sucrose accumulation improves with cool dry autumn; stop irrigation 2–3 weeks before harvest.,चिसो सुख्खा शरदमा चिनीको मात्रा बढ्छ; कटानीको २–३ हप्ताअघि सिँचाइ रोक्नुहोस्।
banke,sugarcane,41,grain-fill,Sucrose accumulation improves with cool dry autumn; stop irrigation 2–3 weeks before harvest.,चिसो सुख्खा शरदमा चिनीको मात्रा बढ्छ; कटानीको २–३ हप्ताअघि सिँचाइ रोक्नुहोस्।
banke,sugarcane,42,grain-fill,Sucrose accumulation improves with cool dry autumn; stop irrigation 2–3 weeks before harvest.,चिसो सुख्खा शरदमा चिनीको मात्रा बढ्छ; कटानीको २–३ हप्ताअघि सिँचाइ रोक्नुहोस्।
banke,sugarcane,43,grain-fill,Sucrose accumulation improves with cool dry autumn; stop irrigation 2–3 weeks before harvest.,चिसो सुख्खा शरदमा चिनीको मात्रा बढ्छ; कटानीको २–३ हप्ताअघि सिँचाइ रोक्नुहोस्।
banke,sugarcane,44,grain-fill,Sucrose accumulation improves with cool dry autumn; stop irrigation 2–3 weeks before harvest.,चिसो सुख्खा शरदमा चिनीको मात्रा बढ्छ; कटानीको २–३ हप्ताअघि सिँचाइ रोक्नुहोस्।
banke,sugarcane,45,grain-fill,Sucrose accumulation improves with cool dry autumn; stop irrigation 2–3 weeks before harvest.,चिसो सुख्खा शरदमा चिनीको मात्रा बढ्छ; कटानीको २–३ हप्ताअघि सिँचाइ रोक्नुहोस्।
banke,sugarcane,46,grain-fill,Sucrose accumulation improves with cool dry autumn; stop irrigation 2–3 weeks before harvest.,चिसो सुख्खा शरदमा चिनीको मात्रा बढ्छ; कटानीको २–३ हप्ताअघि सिँचाइ रोक्नुहोस्।
banke,sugarcane,47,grain-fill,Sucrose accumulation improves with cool dry autumn; stop irrigation 2–3 weeks before harvest.,चिसो सुख्खा शरदमा चिनीको मात्रा बढ्छ; कटानीको २–३ हप्ताअघि सिँचाइ रोक्नुहोस्।
banke,sugarcane,48,grain-fill,Sucrose accumulation improves with cool dry autumn; stop irrigation 2–3 weeks before harvest.,चिसो सुख्खा शरदमा चिनीको मात्रा बढ्छ; कटानीको २–३ हप्ताअघि सिँचाइ रोक्नुहोस्।
banke,sugarcane,49,grain-fill,Sucrose accumulation improves with cool dry autumn; stop irrigation 2–3 weeks before harvest.,चिसो सुख्खा शरदमा चिनीको मात्रा बढ्छ; कटानीको २–३ हप्ताअघि सिँचाइ रोक्नुहोस्।
banke,sugarcane,50,harvest,Harvest Dec–Feb at peak sucrose; crush within 24–48 hours of cutting.,चिनीको मात्रा उच्च हुँदा (पुस–माघ) कटानी गर्नुहोस्; काटेको २४–४८ घण्टाभित्र पेल्नुहोस्।
banke,sugarcane,51,harvest,Harvest Dec–Feb at peak sucrose; crush within 24–48 hours of cutting.,चिनीको मात्रा उच्च हुँदा (पुस–माघ) कटानी गर्नुहोस्; काटेको २४–४८ घण्टाभित्र पेल्नुहोस्।
banke,sugarcane,52,harvest,Harvest Dec–Feb at peak sucrose; crush within 24–48 hours of cutting.,चिनीको मात्रा उच्च हुँदा (पुस–माघ) कटानी गर्नुहोस्; काटेको २४–४८ घण्टाभित्र पेल्नुहोस्।
banke,potato,1,vegetative,Earth-up twice; late blight risk spikes with fog and drizzle — prophylactic spray on forecast.,दुई पटक माटो चढाउनुहोस्; कुहिरो र सिमसिम पानीले डढुवा रोगको जोखिम बढाउँछ — पूर्वानुमान हेरी अग्रिम छर्काव गर्नुहोस्।
banke,potato,2,grain-fill,Tuber bulking: keep soil evenly moist; frost on clear January nights can scorch foliage.,दाना बढ्ने बेला: माटो एकनासले ओसिलो राख्नुहोस्; माघको सफा रातको तुषारोले पात डढाउन सक्छ।
banke,potato,3,grain-fill,Tuber bulking: keep soil evenly moist; frost on clear January nights can scorch foliage.,दाना बढ्ने बेला: माटो एकनासले ओसिलो राख्नुहोस्; माघको सफा रातको तुषारोले पात डढाउन सक्छ।
banke,potato,4,grain-fill,Tuber bulking: keep soil evenly moist; frost on clear January nights can scorch foliage.,दाना बढ्ने बेला: माटो एकनासले ओसिलो राख्नुहोस्; माघको सफा रातको तुषारोले पात डढाउन सक्छ।
banke,potato,5,grain-fill,Tuber bulking: keep soil evenly moist; frost on clear January nights can scorch foliage.,दाना बढ्ने बेला: माटो एकनासले ओसिलो राख्नुहोस्; माघको सफा रातको तुषारोले पात डढाउन सक्छ।
banke,potato,6,grain-fill,Tuber bulking: keep soil evenly moist; frost on clear January nights can scorch foliage.,दाना बढ्ने बेला: माटो एकनासले ओसिलो राख्नुहोस्; माघको सफा रातको तुषारोले पात डढाउन सक्छ।
banke,potato,7,harvest,"Dehaulm 10–14 days before digging for skin set; cure in shade, never in direct sun.","बोक्रा बस्नका लागि खन्नुभन्दा १०–१४ दिनअघि झ्याङ काट्नुहोस्; छहारीमा सुकाउनुहोस्, घाममा कहिल्यै होइन।"
banke,potato,8,harvest,"Dehaulm 10–14 days before digging for skin set; cure in shade, never in direct sun.","बोक्रा बस्नका लागि खन्नुभन्दा १०–१४ दिनअघि झ्याङ काट्नुहोस्; छहारीमा सुकाउनुहोस्, घाममा कहिल्यै होइन।"
banke,potato,9,harvest,"Dehaulm 10–14 days before digging for skin set; cure in shade, never in direct sun.","बोक्रा बस्नका लागि खन्नुभन्दा १०–१४ दिनअघि झ्याङ काट्नुहोस्; छहारीमा सुकाउनुहोस्, घाममा कहिल्यै होइन।"
banke,potato,10,harvest,"Dehaulm 10–14 days before digging for skin set; cure in shade, never in direct sun.","बोक्रा बस्नका लागि खन्नुभन्दा १०–१४ दिनअघि झ्याङ काट्नुहोस्; छहारीमा सुकाउनुहोस्, घाममा कहिल्यै होइन।"
banke,potato,11,harvest,"Dehaulm 10–14 days before digging for skin set; cure in shade, never in direct sun.","बोक्रा बस्नका लागि खन्नुभन्दा १०–१४ दिनअघि झ्याङ काट्नुहोस्; छहारीमा सुकाउनुहोस्, घाममा कहिल्यै होइन।"
banke,potato,12,post-harvest,"Dry, grade and store produce properly; hermetic bags reduce storage pest losses.","उपज राम्ररी सुकाएर, छानेर भण्डारण गर्नुहोस्; हावा नछिर्ने बोराले भण्डारण कीराको क्षति घटाउँछ।"
banke,potato,13,post-harvest,"Dry, grade and store produce properly; hermetic bags reduce storage pest losses.","उपज राम्ररी सुकाएर, छानेर भण्डारण गर्नुहोस्; हावा नछिर्ने बोराले भण्डारण कीराको क्षति घटाउँछ।"
banke,potato,14,post-harvest,"Dry, grade and store produce properly; hermetic bags reduce storage pest losses.","उपज राम्ररी सुकाएर, छानेर भण्डारण गर्नुहोस्; हावा नछिर्ने बोराले भण्डारण कीराको क्षति घटाउँछ।"
banke,potato,15,fallow,"Field resting period — good time for green manuring, soil testing and bund repair.","खेत बाँझो रहने समय — हरियो मल, माटो परीक्षण र आली मर्मतका लागि उपयुक्त समय।"
banke,potato,16,fallow,"Field resting period — good time for green manuring, soil testing and bund repair.","खेत बाँझो रहने समय — हरियो मल, माटो परीक्षण र आली मर्मतका लागि उपयुक्त समय।"
banke,potato,17,fallow,"Field resting period — good time for green manuring, soil testing and bund repair.","खेत बाँझो रहने समय — हरियो मल, माटो परीक्षण र आली मर्मतका लागि उपयुक्त समय।"
banke,potato,18,fallow,"Field resting period — good time for green manuring, soil testing and bund repair.","खेत बाँझो रहने समय — हरियो मल, माटो परीक्षण र आली मर्मतका लागि उपयुक्त समय।"
banke,potato,19,fallow,"Field resting period — good time for green manuring, soil testing and bund repair.","खेत बाँझो रहने समय — हरियो मल, माटो परीक्षण र आली मर्मतका लागि उपयुक्त समय।"
banke,potato,20,fallow,"Field resting period — good time for green manuring, soil testing and bund repair.","खेत बाँझो रहने समय — हरियो मल, माटो परीक्षण र आली मर्मतका लागि उपयुक्त समय।"
banke,potato,21,fallow,"Field resting period — good time for green manuring, soil testing and bund repair.","खेत बाँझो रहने समय — हरियो मल, माटो परीक्षण र आली मर्मतका लागि उपयुक्त समय।"
banke,potato,22,fallow,"Field resting period — good time for green manuring, soil testing and bund repair.","खेत बाँझो रहने समय — हरियो मल, माटो परीक्षण र आली मर्मतका लागि उपयुक्त समय।"
banke,potato,23,fallow,"Field resting period — good time for green manuring, soil testing and bund repair.","खेत बाँझो रहने समय — हरियो मल, माटो परीक्षण र आली मर्मतका लागि उपयुक्त समय।"
banke,potato,24,fallow,"Field resting period — good time for green manuring, soil testing and bund repair.","खेत बाँझो रहने समय — हरियो मल, माटो परीक्षण र आली मर्मतका लागि उपयुक्त समय।"
banke,potato,25,fallow,"Field resting period — good time for green manuring, soil testing and bund repair.","खेत बाँझो रहने समय — हरियो मल, माटो परीक्षण र आली मर्मतका लागि उपयुक्त समय।"
banke,potato,26,fallow,"Field resting period — good time for green manuring, soil testing and bund repair.","खेत बाँझो रहने समय — हरियो मल, माटो परीक्षण र आली मर्मतका लागि उपयुक्त समय।"
banke,potato,27,fallow,"Field resting period — good time for green manuring, soil testing and bund repair.","खेत बाँझो रहने समय — हरियो मल, माटो परीक्षण र आली मर्मतका लागि उपयुक्त समय।"
banke,potato,28,fallow,"Field resting period — good time for green manuring, soil testing and bund repair.","खेत बाँझो रहने समय — हरियो मल, माटो परीक्षण र आली मर्मतका लागि उपयुक्त समय।"
banke,potato,29,fallow,"Field resting period — good time for green manuring, soil testing and bund repair.","खेत बाँझो रहने समय — हरियो मल, माटो परीक्षण र आली मर्मतका लागि उपयुक्त समय।"
banke,potato,30,fallow,"Field resting period — good time for green manuring, soil testing and bund repair.","खेत बाँझो रहने समय — हरियो मल, माटो परीक्षण र आली मर्मतका लागि उपयुक्त समय।"
banke,potato,31,fallow,"Field resting period — good time for green manuring, soil testing and bund repair.","खेत बाँझो रहने समय — हरियो मल, माटो परीक्षण र आली मर्मतका लागि उपयुक्त समय।"
banke,potato,32,fallow,"Field resting period — good time for green manuring, soil testing and bund repair.","खेत बाँझो रहने समय — हरियो मल, माटो परीक्षण र आली मर्मतका लागि उपयुक्त समय।"
banke,potato,33,fallow,"Field resting period — good time for green manuring, soil testing and bund repair.","खेत बाँझो रहने समय — हरियो मल, माटो परीक्षण र आली मर्मतका लागि उपयुक्त समय।"
banke,potato,34,fallow,"Field resting period — good time for green manuring, soil testing and bund repair.","खेत बाँझो रहने समय — हरियो मल, माटो परीक्षण र आली मर्मतका लागि उपयुक्त समय।"
banke,potato,35,fallow,"Field resting period — good time for green manuring, soil testing and bund repair.","खेत बाँझो रहने समय — हरियो मल, माटो परीक्षण र आली मर्मतका लागि उपयुक्त समय।"
banke,potato,36,fallow,"Field resting period — good time for green manuring, soil testing and bund repair.","खेत बाँझो रहने समय — हरियो मल, माटो परीक्षण र आली मर्मतका लागि उपयुक्त समय।"
banke,potato,37,fallow,"Field resting period — good time for green manuring, soil testing and bund repair.","खेत बाँझो रहने समय — हरियो मल, माटो परीक्षण र आली मर्मतका लागि उपयुक्त समय।"
banke,potato,38,fallow,"Field resting period — good time for green manuring, soil testing and bund repair.","खेत बाँझो रहने समय — हरियो मल, माटो परीक्षण र आली मर्मतका लागि उपयुक्त समय।"
banke,potato,39,fallow,"Field resting period — good time for green manuring, soil testing and bund repair.","खेत बाँझो रहने समय — हरियो मल, माटो परीक्षण र आली मर्मतका लागि उपयुक्त समय।"
banke,potato,40,fallow,"Field resting period — good time for green manuring, soil testing and bund repair.","खेत बाँझो रहने समय — हरियो मल, माटो परीक्षण र आली मर्मतका लागि उपयुक्त समय।"
banke,potato,41,land-prep,Prepare ridges after monsoon recedes; well-drained loose soil prevents tuber rot.,मनसुन सकिएपछि ड्याङ बनाउनुहोस्; निकास राम्रो भएको खुकुलो माटोले दाना कुहिनबाट जोगाउँछ।
banke,potato,42,land-prep,Prepare ridges after monsoon recedes; well-drained loose soil prevents tuber rot.,मनसुन सकिएपछि ड्याङ बनाउनुहोस्; निकास राम्रो भएको खुकुलो माटोले दाना कुहिनबाट जोगाउँछ।
banke,potato,43,sowing,Plant sprouted seed tubers Oct–Nov; soil moisture at planting is critical for uniform emergence.,टुसा उम्रेका बीउ आलु कात्तिक–मंसिरमा रोप्नुहोस्; एकनासले उम्रन रोप्दा माटोको चिस्यान महत्वपूर्ण छ।
banke,potato,44,sowing,Plant sprouted seed tubers Oct–Nov; soil moisture at planting is critical for uniform emergence.,टुसा उम्रेका बीउ आलु कात्तिक–मंसिरमा रोप्नुहोस्; एकनासले उम्रन रोप्दा माटोको चिस्यान महत्वपूर्ण छ।
banke,potato,45,sowing,Plant sprouted seed tubers Oct–Nov; soil moisture at planting is critical for uniform emergence.,टुसा उम्रेका बीउ आलु कात्तिक–मंसिरमा रोप्नुहोस्; एकनासले उम्रन रोप्दा माटोको चिस्यान महत्वपूर्ण छ।
banke,potato,46,sowing,Plant sprouted seed tubers Oct–Nov; soil moisture at planting is critical for uniform emergence.,टुसा उम्रेका बीउ आलु कात्तिक–मंसिरमा रोप्नुहोस्; एकनासले उम्रन रोप्दा माटोको चिस्यान महत्वपूर्ण छ।
banke,potato,47,vegetative,Earth-up twice; late blight risk spikes with fog and drizzle — prophylactic spray on forecast.,दुई पटक माटो चढाउनुहोस्; कुहिरो र सिमसिम पानीले डढुवा रोगको जोखिम बढाउँछ — पूर्वानुमान हेरी अग्रिम छर्काव गर्नुहोस्।
banke,potato,48,vegetative,Earth-up twice; late blight risk spikes with fog and drizzle — prophylactic spray on forecast.,दुई पटक माटो चढाउनुहोस्; कुहिरो र सिमसिम पानीले डढुवा रोगको जोखिम बढाउँछ — पूर्वानुमान हेरी अग्रिम छर्काव गर्नुहोस्।
banke,potato,49,vegetative,Earth-up twice; late blight risk spikes with fog and drizzle — prophylactic spray on forecast.,दुई पटक माटो चढाउनुहोस्; कुहिरो र सिमसिम पानीले डढुवा रोगको जोखिम बढाउँछ — पूर्वानुमान हेरी अग्रिम छर्काव गर्नुहोस्।
banke,potato,50,vegetative,Earth-up twice; late blight risk spikes with fog and drizzle — prophylactic spray on forecast.,दुई पटक माटो चढाउनुहोस्; कुहिरो र सिमसिम पानीले डढुवा रोगको जोखिम बढाउँछ — पूर्वानुमान हेरी अग्रिम छर्काव गर्नुहोस्।
banke,potato,51,vegetative,Earth-up twice; late blight risk spikes with fog and drizzle — prophylactic spray on forecast.,दुई पटक माटो चढाउनुहोस्; कुहिरो र सिमसिम पानीले डढुवा रोगको जोखिम बढाउँछ — पूर्वानुमान हेरी अग्रिम छर्काव गर्नुहोस्।
banke,potato,52,vegetative,Earth-up twice; late blight risk spikes with fog and drizzle — prophylactic spray on forecast.,दुई पटक माटो चढाउनुहोस्; कुहिरो र सिमसिम पानीले डढुवा रोगको जोखिम बढाउँछ — पूर्वानुमान हेरी अग्रिम छर्काव गर्नुहोस्।
kapilvastu,paddy,1,fallow,"Field resting period — good time for green manuring, soil testing and bund repair.","खेत बाँझो रहने समय — हरियो मल, माटो परीक्षण र आली मर्मतका लागि उपयुक्त समय।"
kapilvastu,paddy,2,fallow,"Field resting period — good time for green manuring, soil testing and bund repair.","खेत बाँझो रहने समय — हरियो मल, माटो परीक्षण र आली मर्मतका लागि उपयुक्त समय।"
kapilvastu,paddy,3,fallow,"Field resting period — good time for green manuring, soil testing and bund repair.","खेत बाँझो रहने समय — हरियो मल, माटो परीक्षण र आली मर्मतका लागि उपयुक्त समय।"
kapilvastu,paddy,4,fallow,"Field resting period — good time for green manuring, soil testing and bund repair.","खेत बाँझो रहने समय — हरियो मल, माटो परीक्षण र आली मर्मतका लागि उपयुक्त समय।"
kapilvastu,paddy,5,fallow,"Field resting period — good time for green manuring, soil testing and bund repair.","खेत बाँझो रहने समय — हरियो मल, माटो परीक्षण र आली मर्मतका लागि उपयुक्त समय।"
kapilvastu,paddy,6,fallow,"Field resting period — good time for green manuring, soil testing and bund repair.","खेत बाँझो रहने समय — हरियो मल, माटो परीक्षण र आली मर्मतका लागि उपयुक्त समय।"
kapilvastu,paddy,7,fallow,"Field resting period — good time for green manuring, soil testing and bund repair.","खेत बाँझो रहने समय — हरियो मल, माटो परीक्षण र आली मर्मतका लागि उपयुक्त समय।"
kapilvastu,paddy,8,fallow,"Field resting period — good time for green manuring, soil testing and bund repair.","खेत बाँझो रहने समय — हरियो मल, माटो परीक्षण र आली मर्मतका लागि उपयुक्त समय।"
kapilvastu,paddy,9,fallow,"Field resting period — good time for green manuring, soil testing and bund repair.","खेत बाँझो रहने समय — हरियो मल, माटो परीक्षण र आली मर्मतका लागि उपयुक्त समय।"
kapilvastu,paddy,10,fallow,"Field resting period — good time for green manuring, soil testing and bund repair.","खेत बाँझो रहने समय — हरियो मल, माटो परीक्षण र आली मर्मतका लागि उपयुक्त समय।"
kapilvastu,paddy,11,fallow,"Field resting period — good time for green manuring, soil testing and bund repair.","खेत बाँझो रहने समय — हरियो मल, माटो परीक्षण र आली मर्मतका लागि उपयुक्त समय।"
kapilvastu,paddy,12,fallow,"Field resting period — good time for green manuring, soil testing and bund repair.","खेत बाँझो रहने समय — हरियो मल, माटो परीक्षण र आली मर्मतका लागि उपयुक्त समय।"
kapilvastu,paddy,13,fallow,"Field resting period — good time for green manuring, soil testing and bund repair.","खेत बाँझो रहने समय — हरियो मल, माटो परीक्षण र आली मर्मतका लागि उपयुक्त समय।"
kapilvastu,paddy,14,fallow,"Field resting period — good time for green manuring, soil testing and bund repair.","खेत बाँझो रहने समय — हरियो मल, माटो परीक्षण र आली मर्मतका लागि उपयुक्त समय।"
kapilvastu,paddy,15,fallow,"Field resting period — good time for green manuring, soil testing and bund repair.","खेत बाँझो रहने समय — हरियो मल, माटो परीक्षण र आली मर्मतका लागि उपयुक्त समय।"
kapilvastu,paddy,16,fallow,"Field resting period — good time for green manuring, soil testing and bund repair.","खेत बाँझो रहने समय — हरियो मल, माटो परीक्षण र आली मर्मतका लागि उपयुक्त समय।"
kapilvastu,paddy,17,fallow,"Field resting period — good time for green manuring, soil testing and bund repair.","खेत बाँझो रहने समय — हरियो मल, माटो परीक्षण र आली मर्मतका लागि उपयुक्त समय।"
kapilvastu,paddy,18,fallow,"Field resting period — good time for green manuring, soil testing and bund repair.","खेत बाँझो रहने समय — हरियो मल, माटो परीक्षण र आली मर्मतका लागि उपयुक्त समय।"
kapilvastu,paddy,19,fallow,"Field resting period — good time for green manuring, soil testing and bund repair.","खेत बाँझो रहने समय — हरियो मल, माटो परीक्षण र आली मर्मतका लागि उपयुक्त समय।"
kapilvastu,paddy,20,fallow,"Field resting period — good time for green manuring, soil testing and bund repair.","खेत बाँझो रहने समय — हरियो मल, माटो परीक्षण र आली मर्मतका लागि उपयुक्त समय।"
kapilvastu,paddy,21,fallow,"Field resting period — good time for green manuring, soil testing and bund repair.","खेत बाँझो रहने समय — हरियो मल, माटो परीक्षण र आली मर्मतका लागि उपयुक्त समय।"
kapilvastu,paddy,22,land-prep,Prepare bunds and puddle fields; pre-monsoon showers can be erratic — keep nursery seedbeds on higher ground.,आली मर्मत र खेत हिलाउने काम गर्नुहोस्; मनसुनअघिको वर्षा अनियमित हुनसक्छ — बीउ ब्याड अग्लो ठाउँमा राख्नुहोस्।
kapilvastu,paddy,23,land-prep,Prepare bunds and puddle fields; pre-monsoon showers can be erratic — keep nursery seedbeds on higher ground.,आली मर्मत र खेत हिलाउने काम गर्नुहोस्; मनसुनअघिको वर्षा अनियमित हुनसक्छ — बीउ ब्याड अग्लो ठाउँमा राख्नुहोस्।
kapilvastu,paddy,24,land-prep,Prepare bunds and puddle fields; pre-monsoon showers can be erratic — keep nursery seedbeds on higher ground.,आली मर्मत र खेत हिलाउने काम गर्नुहोस्; मनसुनअघिको वर्षा अनियमित हुनसक्छ — बीउ ब्याड अग्लो ठाउँमा राख्नुहोस्।
kapilvastu,paddy,25,sowing,Transplant 20–25 day seedlings with monsoon onset; delayed monsoon may require supplemental irrigation.,मनसुन सुरु भएसँगै २०–२५ दिनका बेर्ना रोप्नुहोस्; मनसुन ढिलो भए थप सिँचाइ आवश्यक पर्न सक्छ।
kapilvastu,paddy,26,sowing,Transplant 20–25 day seedlings with monsoon onset; delayed monsoon may require supplemental irrigation.,मनसुन सुरु भएसँगै २०–२५ दिनका बेर्ना रोप्नुहोस्; मनसुन ढिलो भए थप सिँचाइ आवश्यक पर्न सक्छ।
kapilvastu,paddy,27,sowing,Transplant 20–25 day seedlings with monsoon onset; delayed monsoon may require supplemental irrigation.,मनसुन सुरु भएसँगै २०–२५ दिनका बेर्ना रोप्नुहोस्; मनसुन ढिलो भए थप सिँचाइ आवश्यक पर्न सक्छ।
kapilvastu,paddy,28,sowing,Transplant 20–25 day seedlings with monsoon onset; delayed monsoon may require supplemental irrigation.,मनसुन सुरु भएसँगै २०–२५ दिनका बेर्ना रोप्नुहोस्; मनसुन ढिलो भए थप सिँचाइ आवश्यक पर्न सक्छ।
kapilvastu,paddy,29,sowing,Transplant 20–25 day seedlings with monsoon onset; delayed monsoon may require supplemental irrigation.,मनसुन सुरु भएसँगै २०–२५ दिनका बेर्ना रोप्नुहोस्; मनसुन ढिलो भए थप सिँचाइ आवश्यक पर्न सक्छ।
kapilvastu,paddy,30,vegetative,Peak monsoon: watch for flooding in low fields and stem borer after heavy rain.,मनसुनको चरम समय: होचा खेतमा डुबान र भारी वर्षापछि गवारो कीराको निगरानी गर्नुहोस्।
kapilvastu,paddy,31,vegetative,Peak monsoon: watch for flooding in low fields and stem borer after heavy rain.,मनसुनको चरम समय: होचा खेतमा डुबान र भारी वर्षापछि गवारो कीराको निगरानी गर्नुहोस्।
kapilvastu,paddy,32,vegetative,Peak monsoon: watch for flooding in low fields and stem borer after heavy rain.,मनसुनको चरम समय: होचा खेतमा डुबान र भारी वर्षापछि गवारो कीराको निगरानी गर्नुहोस्।
kapilvastu,paddy,33,vegetative,Peak monsoon: watch for flooding in low fields and stem borer after heavy rain.,मनसुनको चरम समय: होचा खेतमा डुबान र भारी वर्षापछि गवारो कीराको निगरानी गर्नुहोस्।
kapilvastu,paddy,34,vegetative,Peak monsoon: watch for flooding in low fields and stem borer after heavy rain.,मनसुनको चरम समय: होचा खेतमा डुबान र भारी वर्षापछि गवारो कीराको निगरानी गर्नुहोस्।
kapilvastu,paddy,35,vegetative,Peak monsoon: watch for flooding in low fields and stem borer after heavy rain.,मनसुनको चरम समय: होचा खेतमा डुबान र भारी वर्षापछि गवारो कीराको निगरानी गर्नुहोस्।
kapilvastu,paddy,36,flowering,Critical water-sensitive stage — do not let fields dry; late-monsoon dry spells reduce grain set.,पानीप्रति अति संवेदनशील चरण — खेत सुक्न नदिनुहोस्; मनसुन अन्त्यको खडेरीले दाना कम लाग्न सक्छ।
kapilvastu,paddy,37,flowering,Critical water-sensitive stage — do not let fields dry; late-monsoon dry spells reduce grain set.,पानीप्रति अति संवेदनशील चरण — खेत सुक्न नदिनुहोस्; मनसुन अन्त्यको खडेरीले दाना कम लाग्न सक्छ।
kapilvastu,paddy,38,flowering,Critical water-sensitive stage — do not let fields dry; late-monsoon dry spells reduce grain set.,पानीप्रति अति संवेदनशील चरण — खेत सुक्न नदिनुहोस्; मनसुन अन्त्यको खडेरीले दाना कम लाग्न सक्छ।
kapilvastu,paddy,39,flowering,Critical water-sensitive stage — do not let fields dry; late-monsoon dry spells reduce grain set.,पानीप्रति अति संवेदनशील चरण — खेत सुक्न नदिनुहोस्; मनसुन अन्त्यको खडेरीले दाना कम लाग्न सक्छ।
kapilvastu,paddy,40,grain-fill,Post-monsoon rain and lodging risk; drain fields 10–15 days before expected harvest.,मनसुनपछिको वर्षा र बाली ढल्ने जोखिम; कटानीको १०–१५ दिनअघि खेतको पानी निकास गर्नुहोस्।
kapilvastu,paddy,41,grain-fill,Post-monsoon rain and lodging risk; drain fields 10–15 days before expected harvest.,मनसुनपछिको वर्षा र बाली ढल्ने जोखिम; कटानीको १०–१५ दिनअघि खेतको पानी निकास गर्नुहोस्।
kapilvastu,paddy,42,grain-fill,Post-monsoon rain and lodging risk; drain fields 10–15 days before expected harvest.,मनसुनपछिको वर्षा र बाली ढल्ने जोखिम; कटानीको १०–१५ दिनअघि खेतको पानी निकास गर्नुहोस्।
kapilvastu,paddy,43,grain-fill,Post-monsoon rain and lodging risk; drain fields 10–15 days before expected harvest.,मनसुनपछिको वर्षा र बाली ढल्ने जोखिम; कटानीको १०–१५ दिनअघि खेतको पानी निकास गर्नुहोस्।
kapilvastu,paddy,44,harvest,Harvest at 20–22% grain moisture; unseasonal October–November rain can cause sprouting in stacked paddy.,दाना २०–२२% चिस्यानमा कटानी गर्नुहोस्; कात्तिक–मंसिरको बेमौसमी वर्षाले थुपारेको धानमा टुसा उम्रन सक्छ।
kapilvastu,paddy,45,harvest,Harvest at 20–22% grain moisture; unseasonal October–November rain can cause sprouting in stacked paddy.,दाना २०–२२% चिस्यानमा कटानी गर्नुहोस्; कात्तिक–मंसिरको बेमौसमी वर्षाले थुपारेको धानमा टुसा उम्रन सक्छ।
kapilvastu,paddy,46,harvest,Harvest at 20–22% grain moisture; unseasonal October–November rain can cause sprouting in stacked paddy.,दाना २०–२२% चिस्यानमा कटानी गर्नुहोस्; कात्तिक–मंसिरको बेमौसमी वर्षाले थुपारेको धानमा टुसा उम्रन सक्छ।
kapilvastu,paddy,47,harvest,Harvest at 20–22% grain moisture; unseasonal October–November rain can cause sprouting in stacked paddy.,दाना २०–२२% चिस्यानमा कटानी गर्नुहोस्; कात्तिक–मंसिरको बेमौसमी वर्षाले थुपारेको धानमा टुसा उम्रन सक्छ।
kapilvastu,paddy,48,post-harvest,"Dry, grade and store produce properly; hermetic bags reduce storage pest losses.","उपज राम्ररी सुकाएर, छानेर भण्डारण गर्नुहोस्; हावा नछिर्ने बोराले भण्डारण कीराको क्षति घटाउँछ।"
kapilvastu,paddy,49,post-harvest,"Dry, grade and store produce properly; hermetic bags reduce storage pest losses.","उपज राम्ररी सुकाएर, छानेर भण्डारण गर्नुहोस्; हावा नछिर्ने बोराले भण्डारण कीराको क्षति घटाउँछ।"
kapilvastu,paddy,50,post-harvest,"Dry, grade and store produce properly; hermetic bags reduce storage pest losses.","उपज राम्ररी सुकाएर, छानेर भण्डारण गर्नुहोस्; हावा नछिर्ने बोराले भण्डारण कीराको क्षति घटाउँछ।"
kapilvastu,paddy,51,post-harvest,"Dry, grade and store produce properly; hermetic bags reduce storage pest losses.","उपज राम्ररी सुकाएर, छानेर भण्डारण गर्नुहोस्; हावा नछिर्ने बोराले भण्डारण कीराको क्षति घटाउँछ।"
kapilvastu,paddy,52,post-harvest,"Dry, grade and store produce properly; hermetic bags reduce storage pest losses.","उपज राम्ररी सुकाएर, छानेर भण्डारण गर्नुहोस्; हावा नछिर्ने बोराले भण्डारण कीराको क्षति घटाउँछ।"
kapilvastu,wheat,1,vegetative,Cold spells and fog are common; irrigate at crown-root initiation (~21 days after sowing).,शीतलहर र कुहिरो सामान्य हो; छरेको करिब २१ दिनपछि (मुख्य जरा बन्ने बेला) सिँचाइ गर्नुहोस्।
kapilvastu,wheat,2,vegetative,Cold spells and fog are common; irrigate at crown-root initiation (~21 days after sowing).,शीतलहर र कुहिरो सामान्य हो; छरेको करिब २१ दिनपछि (मुख्य जरा बन्ने बेला) सिँचाइ गर्नुहोस्।
kapilvastu,wheat,3,vegetative,Cold spells and fog are common; irrigate at crown-root initiation (~21 days after sowing).,शीतलहर र कुहिरो सामान्य हो; छरेको करिब २१ दिनपछि (मुख्य जरा बन्ने बेला) सिँचाइ गर्नुहोस्।
kapilvastu,wheat,4,vegetative,Cold spells and fog are common; irrigate at crown-root initiation (~21 days after sowing).,शीतलहर र कुहिरो सामान्य हो; छरेको करिब २१ दिनपछि (मुख्य जरा बन्ने बेला) सिँचाइ गर्नुहोस्।
kapilvastu,wheat,5,flowering,Watch for yellow rust after prolonged cool-humid weather; ensure irrigation at booting–heading.,लामो चिसो-ओसिलो मौसमपछि पहेँलो सिन्दुरे रोगको निगरानी गर्नुहोस्; बाला निस्कने बेला सिँचाइ सुनिश्चित गर्नुहोस्।
kapilvastu,wheat,6,flowering,Watch for yellow rust after prolonged cool-humid weather; ensure irrigation at booting–heading.,लामो चिसो-ओसिलो मौसमपछि पहेँलो सिन्दुरे रोगको निगरानी गर्नुहोस्; बाला निस्कने बेला सिँचाइ सुनिश्चित गर्नुहोस्।
kapilvastu,wheat,7,flowering,Watch for yellow rust after prolonged cool-humid weather; ensure irrigation at booting–heading.,लामो चिसो-ओसिलो मौसमपछि पहेँलो सिन्दुरे रोगको निगरानी गर्नुहोस्; बाला निस्कने बेला सिँचाइ सुनिश्चित गर्नुहोस्।
kapilvastu,wheat,8,flowering,Watch for yellow rust after prolonged cool-humid weather; ensure irrigation at booting–heading.,लामो चिसो-ओसिलो मौसमपछि पहेँलो सिन्दुरे रोगको निगरानी गर्नुहोस्; बाला निस्कने बेला सिँचाइ सुनिश्चित गर्नुहोस्।
kapilvastu,wheat,9,grain-fill,Rising March temperatures can force early maturity; terminal heat is the main yield risk in the Terai.,चैतको बढ्दो तापक्रमले बाली छिटो पाक्न सक्छ; अन्तिम चरणको गर्मी तराईमा उत्पादनको मुख्य जोखिम हो।
kapilvastu,wheat,10,grain-fill,Rising March temperatures can force early maturity; terminal heat is the main yield risk in the Terai.,चैतको बढ्दो तापक्रमले बाली छिटो पाक्न सक्छ; अन्तिम चरणको गर्मी तराईमा उत्पादनको मुख्य जोखिम हो।
kapilvastu,wheat,11,grain-fill,Rising March temperatures can force early maturity; terminal heat is the main yield risk in the Terai.,चैतको बढ्दो तापक्रमले बाली छिटो पाक्न सक्छ; अन्तिम चरणको गर्मी तराईमा उत्पादनको मुख्य जोखिम हो।
kapilvastu,wheat,12,harvest,Harvest before pre-monsoon thunderstorms (Chaitra); hailstorm risk peaks in late March–April.,मनसुनअघिको हावाहुरी (चैत) अघि कटानी गर्नुहोस्; चैत–वैशाखमा असिनाको जोखिम बढी हुन्छ।
kapilvastu,wheat,13,harvest,Harvest before pre-monsoon thunderstorms (Chaitra); hailstorm risk peaks in late March–April.,मनसुनअघिको हावाहुरी (चैत) अघि कटानी गर्नुहोस्; चैत–वैशाखमा असिनाको जोखिम बढी हुन्छ।
kapilvastu,wheat,14,harvest,Harvest before pre-monsoon thunderstorms (Chaitra); hailstorm risk peaks in late March–April.,मनसुनअघिको हावाहुरी (चैत) अघि कटानी गर्नुहोस्; चैत–वैशाखमा असिनाको जोखिम बढी हुन्छ।
kapilvastu,wheat,15,harvest,Harvest before pre-monsoon thunderstorms (Chaitra); hailstorm risk peaks in late March–April.,मनसुनअघिको हावाहुरी (चैत) अघि कटानी गर्नुहोस्; चैत–वैशाखमा असिनाको जोखिम बढी हुन्छ।
kapilvastu,wheat,16,post-harvest,"Dry, grade and store produce properly; hermetic bags reduce storage pest losses.","उपज राम्ररी सुकाएर, छानेर भण्डारण गर्नुहोस्; हावा नछिर्ने बोराले भण्डारण कीराको क्षति घटाउँछ।"
kapilvastu,wheat,17,post-harvest,"Dry, grade and store produce properly; hermetic bags reduce storage pest losses.","उपज राम्ररी सुकाएर, छानेर भण्डारण गर्नुहोस्; हावा नछिर्ने बोराले भण्डारण कीराको क्षति घटाउँछ।"
kapilvastu,wheat,18,post-harvest,"Dry, grade and store produce properly; hermetic bags reduce storage pest losses.","उपज राम्ररी सुकाएर, छानेर भण्डारण गर्नुहोस्; हावा नछिर्ने बोराले भण्डारण कीराको क्षति घटाउँछ।"
kapilvastu,wheat,19,fallow,"Field resting period — good time for green manuring, soil testing and bund repair.","खेत बाँझो रहने समय — हरियो मल, माटो परीक्षण र आली मर्मतका लागि उपयुक्त समय।"
kapilvastu,wheat,20,fallow,"Field resting period — good time for green manuring, soil testing and bund repair.","खेत बाँझो रहने समय — हरियो मल, माटो परीक्षण र आली मर्मतका लागि उपयुक्त समय।"
kapilvastu,wheat,21,fallow,"Field resting period — good time for green manuring, soil testing and bund repair.","खेत बाँझो रहने समय — हरियो मल, माटो परीक्षण र आली मर्मतका लागि उपयुक्त समय।"
kapilvastu,wheat,22,fallow,"Field resting period — good time for green manuring, soil testing and bund repair.","खेत बाँझो रहने समय — हरियो मल, माटो परीक्षण र आली मर्मतका लागि उपयुक्त समय।"
kapilvastu,wheat,23,fallow,"Field resting period — good time for green manuring, soil testing and bund repair.","खेत बाँझो रहने समय — हरियो मल, माटो परीक्षण र आली मर्मतका लागि उपयुक्त समय।"
kapilvastu,wheat,24,fallow,"Field resting period — good time for green manuring, soil testing and bund repair.","खेत बाँझो रहने समय — हरियो मल, माटो परीक्षण र आली मर्मतका लागि उपयुक्त समय।"
kapilvastu,wheat,25,fallow,"Field resting period — good time for green manuring, soil testing and bund repair.","खेत बाँझो रहने समय — हरियो मल, माटो परीक्षण र आली मर्मतका लागि उपयुक्त समय।"
kapilvastu,wheat,26,fallow,"Field resting period — good time for green manuring, soil testing and bund repair.","खेत बाँझो रहने समय — हरियो मल, माटो परीक्षण र आली मर्मतका लागि उपयुक्त समय।"
kapilvastu,wheat,27,fallow,"Field resting period — good time for green manuring, soil testing and bund repair.","खेत बाँझो रहने समय — हरियो मल, माटो परीक्षण र आली मर्मतका लागि उपयुक्त समय।"
kapilvastu,wheat,28,fallow,"Field resting period — good time for green manuring, soil testing and bund repair.","खेत बाँझो रहने समय — हरियो मल, माटो परीक्षण र आली मर्मतका लागि उपयुक्त समय।"
kapilvastu,wheat,29,fallow,"Field resting period — good time for green manuring, soil testing and bund repair.","खेत बाँझो रहने समय — हरियो मल, माटो परीक्षण र आली मर्मतका लागि उपयुक्त समय।"
kapilvastu,wheat,30,fallow,"Field resting period — good time for green manuring, soil testing and bund repair.","खेत बाँझो रहने समय — हरियो मल, माटो परीक्षण र आली मर्मतका लागि उपयुक्त समय।"
kapilvastu,wheat,31,fallow,"Field resting period — good time for green manuring, soil testing and bund repair.","खेत बाँझो रहने समय — हरियो मल, माटो परीक्षण र आली मर्मतका लागि उपयुक्त समय।"
kapilvastu,wheat,32,fallow,"Field resting period — good time for green manuring, soil testing and bund repair.","खेत बाँझो रहने समय — हरियो मल, माटो परीक्षण र आली मर्मतका लागि उपयुक्त समय।"
kapilvastu,wheat,33,fallow,"Field resting period — good time for green manuring, soil testing and bund repair.","खेत बाँझो रहने समय — हरियो मल, माटो परीक्षण र आली मर्मतका लागि उपयुक्त समय।"
kapilvastu,wheat,34,fallow,"Field resting period — good time for green manuring, soil testing and bund repair.","खेत बाँझो रहने समय — हरियो मल, माटो परीक्षण र आली मर्मतका लागि उपयुक्त समय।"
kapilvastu,wheat,35,fallow,"Field resting period — good time for green manuring, soil testing and bund repair.","खेत बाँझो रहने समय — हरियो मल, माटो परीक्षण र आली मर्मतका लागि उपयुक्त समय।"
kapilvastu,wheat,36,fallow,"Field resting period — good time for green manuring, soil testing and bund repair.","खेत बाँझो रहने समय — हरियो मल, माटो परीक्षण र आली मर्मतका लागि उपयुक्त समय।"
kapilvastu,wheat,37,fallow,"Field resting period — good time for green manuring, soil testing and bund repair.","खेत बाँझो रहने समय — हरियो मल, माटो परीक्षण र आली मर्मतका लागि उपयुक्त समय।"
kapilvastu,wheat,38,fallow,"Field resting period — good time for green manuring, soil testing and bund repair.","खेत बाँझो रहने समय — हरियो मल, माटो परीक्षण र आली मर्मतका लागि उपयुक्त समय।"
kapilvastu,wheat,39,fallow,"Field resting period — good time for green manuring, soil testing and bund repair.","खेत बाँझो रहने समय — हरियो मल, माटो परीक्षण र आली मर्मतका लागि उपयुक्त समय।"
kapilvastu,wheat,40,fallow,"Field resting period — good time for green manuring, soil testing and bund repair.","खेत बाँझो रहने समय — हरियो मल, माटो परीक्षण र आली मर्मतका लागि उपयुक्त समय।"
kapilvastu,wheat,41,fallow,"Field resting period — good time for green manuring, soil testing and bund repair.","खेत बाँझो रहने समय — हरियो मल, माटो परीक्षण र आली मर्मतका लागि उपयुक्त समय।"
kapilvastu,wheat,42,fallow,"Field resting period — good time for green manuring, soil testing and bund repair.","खेत बाँझो रहने समय — हरियो मल, माटो परीक्षण र आली मर्मतका लागि उपयुक्त समय।"
kapilvastu,wheat,43,fallow,"Field resting period — good time for green manuring, soil testing and bund repair.","खेत बाँझो रहने समय — हरियो मल, माटो परीक्षण र आली मर्मतका लागि उपयुक्त समय।"
kapilvastu,wheat,44,land-prep,Prepare fields immediately after paddy harvest; residual moisture reduces first-irrigation need.,धान कटानीलगत्तै खेत तयार गर्नुहोस्; बाँकी चिस्यानले पहिलो सिँचाइको आवश्यकता घटाउँछ।
kapilvastu,wheat,45,land-prep,Prepare fields immediately after paddy harvest; residual moisture reduces first-irrigation need.,धान कटानीलगत्तै खेत तयार गर्नुहोस्; बाँकी चिस्यानले पहिलो सिँचाइको आवश्यकता घटाउँछ।
kapilvastu,wheat,46,sowing,Sow by early December — every week's delay after Mangsir cuts yield; use seed drill where available.,मंसिरको सुरुसम्ममा छर्नुहोस् — त्यसपछिको हरेक हप्ताको ढिलाइले उत्पादन घट्छ; सम्भव भए सिड ड्रिल प्रयोग गर्नुहोस्।
kapilvastu,wheat,47,sowing,Sow by early December — every week's delay after Mangsir cuts yield; use seed drill where available.,मंसिरको सुरुसम्ममा छर्नुहोस् — त्यसपछिको हरेक हप्ताको ढिलाइले उत्पादन घट्छ; सम्भव भए सिड ड्रिल प्रयोग गर्नुहोस्।
kapilvastu,wheat,48,sowing,Sow by early December — every week's delay after Mangsir cuts yield; use seed drill where available.,मंसिरको सुरुसम्ममा छर्नुहोस् — त्यसपछिको हरेक हप्ताको ढिलाइले उत्पादन घट्छ; सम्भव भए सिड ड्रिल प्रयोग गर्नुहोस्।
kapilvastu,wheat,49,sowing,Sow by early December — every week's delay after Mangsir cuts yield; use seed drill where available.,मंसिरको सुरुसम्ममा छर्नुहोस् — त्यसपछिको हरेक हप्ताको ढिलाइले उत्पादन घट्छ; सम्भव भए सिड ड्रिल प्रयोग गर्नुहोस्।
kapilvastu,wheat,50,vegetative,Cold spells and fog are common; irrigate at crown-root initiation (~21 days after sowing).,शीतलहर र कुहिरो सामान्य हो; छरेको करिब २१ दिनपछि (मुख्य जरा बन्ने बेला) सिँचाइ गर्नुहोस्।
kapilvastu,wheat,51,vegetative,Cold spells and fog are common; irrigate at crown-root initiation (~21 days after sowing).,शीतलहर र कुहिरो सामान्य हो; छरेको करिब २१ दिनपछि (मुख्य जरा बन्ने बेला) सिँचाइ गर्नुहोस्।
kapilvastu,wheat,52,vegetative,Cold spells and fog are common; irrigate at crown-root initiation (~21 days after sowing).,शीतलहर र कुहिरो सामान्य हो; छरेको करिब २१ दिनपछि (मुख्य जरा बन्ने बेला) सिँचाइ गर्नुहोस्।
kapilvastu,maize,1,fallow,"Field resting period — good time for green manuring, soil testing and bund repair.","खेत बाँझो रहने समय — हरियो मल, माटो परीक्षण र आली मर्मतका लागि उपयुक्त समय।"
kapilvastu,maize,2,fallow,"Field resting period — good time for green manuring, soil testing and bund repair.","खेत बाँझो रहने समय — हरियो मल, माटो परीक्षण र आली मर्मतका लागि उपयुक्त समय।"
kapilvastu,maize,3,fallow,"Field resting period — good time for green manuring, soil testing and bund repair.","खेत बाँझो रहने समय — हरियो मल, माटो परीक्षण र आली मर्मतका लागि उपयुक्त समय।"
kapilvastu,maize,4,fallow,"Field resting period — good time for green manuring, soil testing and bund repair.","खेत बाँझो रहने समय — हरियो मल, माटो परीक्षण र आली मर्मतका लागि उपयुक्त समय।"
kapilvastu,maize,5,fallow,"Field resting period — good time for green manuring, soil testing and bund repair.","खेत बाँझो रहने समय — हरियो मल, माटो परीक्षण र आली मर्मतका लागि उपयुक्त समय।"
kapilvastu,maize,6,land-prep,Ensure good tilth for spring maize; residual winter moisture helps germination.,वसन्ते मकैका लागि माटो राम्रोसँग बुझाउनुहोस्; हिउँदे चिस्यानले उमारमा मद्दत गर्छ।
kapilvastu,maize,7,land-prep,Ensure good tilth for spring maize; residual winter moisture helps germination.,वसन्ते मकैका लागि माटो राम्रोसँग बुझाउनुहोस्; हिउँदे चिस्यानले उमारमा मद्दत गर्छ।
kapilvastu,maize,8,sowing,Sow when soil temperature is rising (Feb–Mar); protect seed from birds and cutworms.,माटोको तापक्रम बढ्दै गर्दा (फागुन–चैत) छर्नुहोस्; चरा र फेदकटुवा कीराबाट बीउ जोगाउनुहोस्।
kapilvastu,maize,9,sowing,Sow when soil temperature is rising (Feb–Mar); protect seed from birds and cutworms.,माटोको तापक्रम बढ्दै गर्दा (फागुन–चैत) छर्नुहोस्; चरा र फेदकटुवा कीराबाट बीउ जोगाउनुहोस्।
kapilvastu,maize,10,sowing,Sow when soil temperature is rising (Feb–Mar); protect seed from birds and cutworms.,माटोको तापक्रम बढ्दै गर्दा (फागुन–चैत) छर्नुहोस्; चरा र फेदकटुवा कीराबाट बीउ जोगाउनुहोस्।
kapilvastu,maize,11,sowing,Sow when soil temperature is rising (Feb–Mar); protect seed from birds and cutworms.,माटोको तापक्रम बढ्दै गर्दा (फागुन–चैत) छर्नुहोस्; चरा र फेदकटुवा कीराबाट बीउ जोगाउनुहोस्।
kapilvastu,maize,12,vegetative,Pre-monsoon dry spells: irrigate at knee-high stage; fall armyworm scouting every week.,मनसुनअघिको खडेरी: घुँडा उचाइमा सिँचाइ गर्नुहोस्; अमेरिकी फौजी कीराको साप्ताहिक निगरानी गर्नुहोस्।
kapilvastu,maize,13,vegetative,Pre-monsoon dry spells: irrigate at knee-high stage; fall armyworm scouting every week.,मनसुनअघिको खडेरी: घुँडा उचाइमा सिँचाइ गर्नुहोस्; अमेरिकी फौजी कीराको साप्ताहिक निगरानी गर्नुहोस्।
kapilvastu,maize,14,vegetative,Pre-monsoon dry spells: irrigate at knee-high stage; fall armyworm scouting every week.,मनसुनअघिको खडेरी: घुँडा उचाइमा सिँचाइ गर्नुहोस्; अमेरिकी फौजी कीराको साप्ताहिक निगरानी गर्नुहोस्।
kapilvastu,maize,15,vegetative,Pre-monsoon dry spells: irrigate at knee-high stage; fall armyworm scouting every week.,मनसुनअघिको खडेरी: घुँडा उचाइमा सिँचाइ गर्नुहोस्; अमेरिकी फौजी कीराको साप्ताहिक निगरानी गर्नुहोस्।
kapilvastu,maize,16,vegetative,Pre-monsoon dry spells: irrigate at knee-high stage; fall armyworm scouting every week.,मनसुनअघिको खडेरी: घुँडा उचाइमा सिँचाइ गर्नुहोस्; अमेरिकी फौजी कीराको साप्ताहिक निगरानी गर्नुहोस्।
kapilvastu,maize,17,vegetative,Pre-monsoon dry spells: irrigate at knee-high stage; fall armyworm scouting every week.,मनसुनअघिको खडेरी: घुँडा उचाइमा सिँचाइ गर्नुहोस्; अमेरिकी फौजी कीराको साप्ताहिक निगरानी गर्नुहोस्।
kapilvastu,maize,18,flowering,Tasseling–silking is the most drought-sensitive window; a single missed irrigation can halve yield.,जुँगा निस्कने बेला खडेरीप्रति सबैभन्दा संवेदनशील समय हो; एक पटक सिँचाइ छुटे उत्पादन आधा घट्न सक्छ।
kapilvastu,maize,19,flowering,Tasseling–silking is the most drought-sensitive window; a single missed irrigation can halve yield.,जुँगा निस्कने बेला खडेरीप्रति सबैभन्दा संवेदनशील समय हो; एक पटक सिँचाइ छुटे उत्पादन आधा घट्न सक्छ।
kapilvastu,maize,20,flowering,Tasseling–silking is the most drought-sensitive window; a single missed irrigation can halve yield.,जुँगा निस्कने बेला खडेरीप्रति सबैभन्दा संवेदनशील समय हो; एक पटक सिँचाइ छुटे उत्पादन आधा घट्न सक्छ।
kapilvastu,maize,21,grain-fill,Early monsoon storms can lodge tall crops; earth-up rows for anchorage.,मनसुन सुरुका हुरीले अग्लो बाली ढाल्न सक्छ; बोटलाई माटो चढाउनुहोस्।
kapilvastu,maize,22,grain-fill,Early monsoon storms can lodge tall crops; earth-up rows for anchorage.,मनसुन सुरुका हुरीले अग्लो बाली ढाल्न सक्छ; बोटलाई माटो चढाउनुहोस्।
kapilvastu,maize,23,grain-fill,Early monsoon storms can lodge tall crops; earth-up rows for anchorage.,मनसुन सुरुका हुरीले अग्लो बाली ढाल्न सक्छ; बोटलाई माटो चढाउनुहोस्।
kapilvastu,maize,24,harvest,Harvest before peak monsoon; dry cobs to below 14% moisture to avoid aflatoxin.,मनसुन चरममा पुग्नुअघि भित्र्याउनुहोस्; ढुसी (एफ्लाटक्सिन) बाट जोगाउन घोगा १४% भन्दा कम चिस्यानसम्म सुकाउनुहोस्।
kapilvastu,maize,25,harvest,Harvest before peak monsoon; dry cobs to below 14% moisture to avoid aflatoxin.,मनसुन चरममा पुग्नुअघि भित्र्याउनुहोस्; ढुसी (एफ्लाटक्सिन) बाट जोगाउन घोगा १४% भन्दा कम चिस्यानसम्म सुकाउनुहोस्।
kapilvastu,maize,26,harvest,Harvest before peak monsoon; dry cobs to below 14% moisture to avoid aflatoxin.,मनसुन चरममा पुग्नुअघि भित्र्याउनुहोस्; ढुसी (एफ्लाटक्सिन) बाट जोगाउन घोगा १४% भन्दा कम चिस्यानसम्म सुकाउनुहोस्।
kapilvastu,maize,27,post-harvest,"Dry, grade and store produce properly; hermetic bags reduce storage pest losses.","उपज राम्ररी सुकाएर, छानेर भण्डारण गर्नुहोस्; हावा नछिर्ने बोराले भण्डारण कीराको क्षति घटाउँछ।"
kapilvastu,maize,28,post-harvest,"Dry, grade and store produce properly; hermetic bags reduce storage pest losses.","उपज राम्ररी सुकाएर, छानेर भण्डारण गर्नुहोस्; हावा नछिर्ने बोराले भण्डारण कीराको क्षति घटाउँछ।"
kapilvastu,maize,29,post-harvest,"Dry, grade and store produce properly; hermetic bags reduce storage pest losses.","उपज राम्ररी सुकाएर, छानेर भण्डारण गर्नुहोस्; हावा नछिर्ने बोराले भण्डारण कीराको क्षति घटाउँछ।"
kapilvastu,maize,30,fallow,"Field resting period — good time for green manuring, soil testing and bund repair.","खेत बाँझो रहने समय — हरियो मल, माटो परीक्षण र आली मर्मतका लागि उपयुक्त समय।"
kapilvastu,maize,31,fallow,"Field resting period — good time for green manuring, soil testing and bund repair.","खेत बाँझो रहने समय — हरियो मल, माटो परीक्षण र आली मर्मतका लागि उपयुक्त समय।"
kapilvastu,maize,32,fallow,"Field resting period — good time for green manuring, soil testing and bund repair.","खेत बाँझो रहने समय — हरियो मल, माटो परीक्षण र आली मर्मतका लागि उपयुक्त समय।"
kapilvastu,maize,33,fallow,"Field resting period — good time for green manuring, soil testing and bund repair.","खेत बाँझो रहने समय — हरियो मल, माटो परीक्षण र आली मर्मतका लागि उपयुक्त समय।"
kapilvastu,maize,34,fallow,"Field resting period — good time for green manuring, soil testing and bund repair.","खेत बाँझो रहने समय — हरियो मल, माटो परीक्षण र आली मर्मतका लागि उपयुक्त समय।"
kapilvastu,maize,35,fallow,"Field resting period — good time for green manuring, soil testing and bund repair.","खेत बाँझो रहने समय — हरियो मल, माटो परीक्षण र आली मर्मतका लागि उपयुक्त समय।"
kapilvastu,maize,36,fallow,"Field resting period — good time for green manuring, soil testing and bund repair.","खेत बाँझो रहने समय — हरियो मल, माटो परीक्षण र आली मर्मतका लागि उपयुक्त समय।"
kapilvastu,maize,37,fallow,"Field resting period — good time for green manuring, soil testing and bund repair.","खेत बाँझो रहने समय — हरियो मल, माटो परीक्षण र आली मर्मतका लागि उपयुक्त समय।"
kapilvastu,maize,38,fallow,"Field resting period — good time for green manuring, soil testing and bund repair.","खेत बाँझो रहने समय — हरियो मल, माटो परीक्षण र आली मर्मतका लागि उपयुक्त समय।"
kapilvastu,maize,39,fallow,"Field resting period — good time for green manuring, soil testing and bund repair.","खेत बाँझो रहने समय — हरियो मल, माटो परीक्षण र आली मर्मतका लागि उपयुक्त समय।"
kapilvastu,maize,40,fallow,"Field resting period — good time for green manuring, soil testing and bund repair.","खेत बाँझो रहने समय — हरियो मल, माटो परीक्षण र आली मर्मतका लागि उपयुक्त समय।"
kapilvastu,maize,41,fallow,"Field resting period — good time for green manuring, soil testing and bund repair.","खेत बाँझो रहने समय — हरियो मल, माटो परीक्षण र आली मर्मतका लागि उपयुक्त समय।"
kapilvastu,maize,42,fallow,"Field resting period — good time for green manuring, soil testing and bund repair.","खेत बाँझो रहने समय — हरियो मल, माटो परीक्षण र आली मर्मतका लागि उपयुक्त समय।"
kapilvastu,maize,43,fallow,"Field resting period — good time for green manuring, soil testing and bund repair.","खेत बाँझो रहने समय — हरियो मल, माटो परीक्षण र आली मर्मतका लागि उपयुक्त समय।"
kapilvastu,maize,44,fallow,"Field resting period — good time for green manuring, soil testing and bund repair.","खेत बाँझो रहने समय — हरियो मल, माटो परीक्षण र आली मर्मतका लागि उपयुक्त समय।"
kapilvastu,maize,45,fallow,"Field resting period — good time for green manuring, soil testing and bund repair.","खेत बाँझो रहने समय — हरियो मल, माटो परीक्षण र आली मर्मतका लागि उपयुक्त समय।"
kapilvastu,maize,46,fallow,"Field resting period — good time for green manuring, soil testing and bund repair.","खेत बाँझो रहने समय — हरियो मल, माटो परीक्षण र आली मर्मतका लागि उपयुक्त समय।"
kapilvastu,maize,47,fallow,"Field resting period — good time for green manuring, soil testing and bund repair.","खेत बाँझो रहने समय — हरियो मल, माटो परीक्षण र आली मर्मतका लागि उपयुक्त समय।"
kapilvastu,maize,48,fallow,"Field resting period — good time for green manuring, soil testing and bund repair.","खेत बाँझो रहने समय — हरियो मल, माटो परीक्षण र आली मर्मतका लागि उपयुक्त समय।"
kapilvastu,maize,49,fallow,"Field resting period — good time for green manuring, soil testing and bund repair.","खेत बाँझो रहने समय — हरियो मल, माटो परीक्षण र आली मर्मतका लागि उपयुक्त समय।"
kapilvastu,maize,50,fallow,"Field resting period — good time for green manuring, soil testing and bund repair.","खेत बाँझो रहने समय — हरियो मल, माटो परीक्षण र आली मर्मतका लागि उपयुक्त समय।"
kapilvastu,maize,51,fallow,"Field resting period — good time for green manuring, soil testing and bund repair.","खेत बाँझो रहने समय — हरियो मल, माटो परीक्षण र आली मर्मतका लागि उपयुक्त समय।"
kapilvastu,maize,52,fallow,"Field resting period — good time for green manuring, soil testing and bund repair.","खेत बाँझो रहने समय — हरियो मल, माटो परीक्षण र आली मर्मतका लागि उपयुक्त समय।"
kapilvastu,mustard,1,grain-fill,Unseasonal winter rain causes pod shattering and disease; drain standing water quickly.,बेमौसमी हिउँदे वर्षाले कोसा फुट्ने र रोग लाग्ने हुन्छ; जमेको पानी तुरुन्त निकास गर्नुहोस्।
kapilvastu,mustard,2,grain-fill,Unseasonal winter rain causes pod shattering and disease; drain standing water quickly.,बेमौसमी हिउँदे वर्षाले कोसा फुट्ने र रोग लाग्ने हुन्छ; जमेको पानी तुरुन्त निकास गर्नुहोस्।
kapilvastu,mustard,3,harvest,Harvest when 75% pods turn yellow-brown; over-drying in field shatters seed.,७५% कोसा पहेँलो-खैरो भएपछि काट्नुहोस्; खेतमै धेरै सुकाए बीउ झर्छ।
kapilvastu,mustard,4,harvest,Harvest when 75% pods turn yellow-brown; over-drying in field shatters seed.,७५% कोसा पहेँलो-खैरो भएपछि काट्नुहोस्; खेतमै धेरै सुकाए बीउ झर्छ।
kapilvastu,mustard,5,harvest,Harvest when 75% pods turn yellow-brown; over-drying in field shatters seed.,७५% कोसा पहेँलो-खैरो भएपछि काट्नुहोस्; खेतमै धेरै सुकाए बीउ झर्छ।
kapilvastu,mustard,6,harvest,Harvest when 75% pods turn yellow-brown; over-drying in field shatters seed.,७५% कोसा पहेँलो-खैरो भएपछि काट्नुहोस्; खेतमै धेरै सुकाए बीउ झर्छ।
kapilvastu,mustard,7,post-harvest,"Dry, grade and store produce properly; hermetic bags reduce storage pest losses.","उपज राम्ररी सुकाएर, छानेर भण्डारण गर्नुहोस्; हावा नछिर्ने बोराले भण्डारण कीराको क्षति घटाउँछ।"
kapilvastu,mustard,8,post-harvest,"Dry, grade and store produce properly; hermetic bags reduce storage pest losses.","उपज राम्ररी सुकाएर, छानेर भण्डारण गर्नुहोस्; हावा नछिर्ने बोराले भण्डारण कीराको क्षति घटाउँछ।"
kapilvastu,mustard,9,post-harvest,"Dry, grade and store produce properly; hermetic bags reduce storage pest losses.","उपज राम्ररी सुकाएर, छानेर भण्डारण गर्नुहोस्; हावा नछिर्ने बोराले भण्डारण कीराको क्षति घटाउँछ।"
kapilvastu,mustard,10,fallow,"Field resting period — good time for green manuring, soil testing and bund repair.","खेत बाँझो रहने समय — हरियो मल, माटो परीक्षण र आली मर्मतका लागि उपयुक्त समय।"
kapilvastu,mustard,11,fallow,"Field resting period — good time for green manuring, soil testing and bund repair.","खेत बाँझो रहने समय — हरियो मल, माटो परीक्षण र आली मर्मतका लागि उपयुक्त समय।"
kapilvastu,mustard,12,fallow,"Field resting period — good time for green manuring, soil testing and bund repair.","खेत बाँझो रहने समय — हरियो मल, माटो परीक्षण र आली मर्मतका लागि उपयुक्त समय।"
kapilvastu,mustard,13,fallow,"Field resting period — good time for green manuring, soil testing and bund repair.","खेत बाँझो रहने समय — हरियो मल, माटो परीक्षण र आली मर्मतका लागि उपयुक्त समय।"
kapilvastu,mustard,14,fallow,"Field resting period — good time for green manuring, soil testing and bund repair.","खेत बाँझो रहने समय — हरियो मल, माटो परीक्षण र आली मर्मतका लागि उपयुक्त समय।"
kapilvastu,mustard,15,fallow,"Field resting period — good time for green manuring, soil testing and bund repair.","खेत बाँझो रहने समय — हरियो मल, माटो परीक्षण र आली मर्मतका लागि उपयुक्त समय।"
kapilvastu,mustard,16,fallow,"Field resting period — good time for green manuring, soil testing and bund repair.","खेत बाँझो रहने समय — हरियो मल, माटो परीक्षण र आली मर्मतका लागि उपयुक्त समय।"
kapilvastu,mustard,17,fallow,"Field resting period — good time for green manuring, soil testing and bund repair.","खेत बाँझो रहने समय — हरियो मल, माटो परीक्षण र आली मर्मतका लागि उपयुक्त समय।"
kapilvastu,mustard,18,fallow,"Field resting period — good time for green manuring, soil testing and bund repair.","खेत बाँझो रहने समय — हरियो मल, माटो परीक्षण र आली मर्मतका लागि उपयुक्त समय।"
kapilvastu,mustard,19,fallow,"Field resting period — good time for green manuring, soil testing and bund repair.","खेत बाँझो रहने समय — हरियो मल, माटो परीक्षण र आली मर्मतका लागि उपयुक्त समय।"
kapilvastu,mustard,20,fallow,"Field resting period — good time for green manuring, soil testing and bund repair.","खेत बाँझो रहने समय — हरियो मल, माटो परीक्षण र आली मर्मतका लागि उपयुक्त समय।"
kapilvastu,mustard,21,fallow,"Field resting period — good time for green manuring, soil testing and bund repair.","खेत बाँझो रहने समय — हरियो मल, माटो परीक्षण र आली मर्मतका लागि उपयुक्त समय।"
kapilvastu,mustard,22,fallow,"Field resting period — good time for green manuring, soil testing and bund repair.","खेत बाँझो रहने समय — हरियो मल, माटो परीक्षण र आली मर्मतका लागि उपयुक्त समय।"
kapilvastu,mustard,23,fallow,"Field resting period — good time for green manuring, soil testing and bund repair.","खेत बाँझो रहने समय — हरियो मल, माटो परीक्षण र आली मर्मतका लागि उपयुक्त समय।"
kapilvastu,mustard,24,fallow,"Field resting period — good time for green manuring, soil testing and bund repair.","खेत बाँझो रहने समय — हरियो मल, माटो परीक्षण र आली मर्मतका लागि उपयुक्त समय।"
kapilvastu,mustard,25,fallow,"Field resting period — good time for green manuring, soil testing and bund repair.","खेत बाँझो रहने समय — हरियो मल, माटो परीक्षण र आली मर्मतका लागि उपयुक्त समय।"
kapilvastu,mustard,26,fallow,"Field resting period — good time for green manuring, soil testing and bund repair.","खेत बाँझो रहने समय — हरियो मल, माटो परीक्षण र आली मर्मतका लागि उपयुक्त समय।"
kapilvastu,mustard,27,fallow,"Field resting period — good time for green manuring, soil testing and bund repair.","खेत बाँझो रहने समय — हरियो मल, माटो परीक्षण र आली मर्मतका लागि उपयुक्त समय।"
kapilvastu,mustard,28,fallow,"Field resting period — good time for green manuring, soil testing and bund repair.","खेत बाँझो रहने समय — हरियो मल, माटो परीक्षण र आली मर्मतका लागि उपयुक्त समय।"
kapilvastu,mustard,29,fallow,"Field resting period — good time for green manuring, soil testing and bund repair.","खेत बाँझो रहने समय — हरियो मल, माटो परीक्षण र आली मर्मतका लागि उपयुक्त समय।"
kapilvastu,mustard,30,fallow,"Field resting period — good time for green manuring, soil testing and bund repair.","खेत बाँझो रहने समय — हरियो मल, माटो परीक्षण र आली मर्मतका लागि उपयुक्त समय।"
kapilvastu,mustard,31,fallow,"Field resting period — good time for green manuring, soil testing and bund repair.","खेत बाँझो रहने समय — हरियो मल, माटो परीक्षण र आली मर्मतका लागि उपयुक्त समय।"
kapilvastu,mustard,32,fallow,"Field resting period — good time for green manuring, soil testing and bund repair.","खेत बाँझो रहने समय — हरियो मल, माटो परीक्षण र आली मर्मतका लागि उपयुक्त समय।"
kapilvastu,mustard,33,fallow,"Field resting period — good time for green manuring, soil testing and bund repair.","खेत बाँझो रहने समय — हरियो मल, माटो परीक्षण र आली मर्मतका लागि उपयुक्त समय।"
kapilvastu,mustard,34,fallow,"Field resting period — good time for green manuring, soil testing and bund repair.","खेत बाँझो रहने समय — हरियो मल, माटो परीक्षण र आली मर्मतका लागि उपयुक्त समय।"
kapilvastu,mustard,35,fallow,"Field resting period — good time for green manuring, soil testing and bund repair.","खेत बाँझो रहने समय — हरियो मल, माटो परीक्षण र आली मर्मतका लागि उपयुक्त समय।"
kapilvastu,mustard,36,fallow,"Field resting period — good time for green manuring, soil testing and bund repair.","खेत बाँझो रहने समय — हरियो मल, माटो परीक्षण र आली मर्मतका लागि उपयुक्त समय।"
kapilvastu,mustard,37,fallow,"Field resting period — good time for green manuring, soil testing and bund repair.","खेत बाँझो रहने समय — हरियो मल, माटो परीक्षण र आली मर्मतका लागि उपयुक्त समय।"
kapilvastu,mustard,38,land-prep,Fine tilth needed for small seed; conserve residual monsoon moisture.,सानो बीउका लागि मसिनो माटो चाहिन्छ; मनसुनको बाँकी चिस्यान जोगाउनुहोस्।
kapilvastu,mustard,39,land-prep,Fine tilth needed for small seed; conserve residual monsoon moisture.,सानो बीउका लागि मसिनो माटो चाहिन्छ; मनसुनको बाँकी चिस्यान जोगाउनुहोस्।
kapilvastu,mustard,40,sowing,Sow late September–October with residual moisture; late sowing increases aphid exposure.,असोज–कात्तिकमा बाँकी चिस्यानमै छर्नुहोस्; ढिलो छरे लाही कीराको प्रकोप बढ्छ।
kapilvastu,mustard,41,sowing,Sow late September–October with residual moisture; late sowing increases aphid exposure.,असोज–कात्तिकमा बाँकी चिस्यानमै छर्नुहोस्; ढिलो छरे लाही कीराको प्रकोप बढ्छ।
kapilvastu,mustard,42,sowing,Sow late September–October with residual moisture; late sowing increases aphid exposure.,असोज–कात्तिकमा बाँकी चिस्यानमै छर्नुहोस्; ढिलो छरे लाही कीराको प्रकोप बढ्छ।
kapilvastu,mustard,43,vegetative,Thin to proper spacing; first irrigation ~30 days after sowing if no rain.,उचित दूरीमा बोट पातलो पार्नुहोस्; वर्षा नभए छरेको करिब ३० दिनपछि पहिलो सिँचाइ गर्नुहोस्।
kapilvastu,mustard,44,vegetative,Thin to proper spacing; first irrigation ~30 days after sowing if no rain.,उचित दूरीमा बोट पातलो पार्नुहोस्; वर्षा नभए छरेको करिब ३० दिनपछि पहिलो सिँचाइ गर्नुहोस्।
kapilvastu,mustard,45,vegetative,Thin to proper spacing; first irrigation ~30 days after sowing if no rain.,उचित दूरीमा बोट पातलो पार्नुहोस्; वर्षा नभए छरेको करिब ३० दिनपछि पहिलो सिँचाइ गर्नुहोस्।
kapilvastu,mustard,46,vegetative,Thin to proper spacing; first irrigation ~30 days after sowing if no rain.,उचित दूरीमा बोट पातलो पार्नुहोस्; वर्षा नभए छरेको करिब ३० दिनपछि पहिलो सिँचाइ गर्नुहोस्।
kapilvastu,mustard,47,flowering,Aphid pressure peaks in cool foggy weather; avoid spraying during bee foraging hours.,चिसो कुहिरो लाग्दा लाही कीराको प्रकोप बढ्छ; मौरी चर्ने समयमा विषादी नछर्नुहोस्।
kapilvastu,mustard,48,flowering,Aphid pressure peaks in cool foggy weather; avoid spraying during bee foraging hours.,चिसो कुहिरो लाग्दा लाही कीराको प्रकोप बढ्छ; मौरी चर्ने समयमा विषादी नछर्नुहोस्।
kapilvastu,mustard,49,flowering,Aphid pressure peaks in cool foggy weather; avoid spraying during bee foraging hours.,चिसो कुहिरो लाग्दा लाही कीराको प्रकोप बढ्छ; मौरी चर्ने समयमा विषादी नछर्नुहोस्।
kapilvastu,mustard,50,flowering,Aphid pressure peaks in cool foggy weather; avoid spraying during bee foraging hours.,चिसो कुहिरो लाग्दा लाही कीराको प्रकोप बढ्छ; मौरी चर्ने समयमा विषादी नछर्नुहोस्।
kapilvastu,mustard,51,grain-fill,Unseasonal winter rain causes pod shattering and disease; drain standing water quickly.,बेमौसमी हिउँदे वर्षाले कोसा फुट्ने र रोग लाग्ने हुन्छ; जमेको पानी तुरुन्त निकास गर्नुहोस्।
kapilvastu,mustard,52,grain-fill,Unseasonal winter rain causes pod shattering and disease; drain standing water quickly.,बेमौसमी हिउँदे वर्षाले कोसा फुट्ने र रोग लाग्ने हुन्छ; जमेको पानी तुरुन्त निकास गर्नुहोस्।
kapilvastu,sugarcane,1,harvest,Harvest Dec–Feb at peak sucrose; crush within 24–48 hours of cutting.,चिनीको मात्रा उच्च हुँदा (पुस–माघ) कटानी गर्नुहोस्; काटेको २४–४८ घण्टाभित्र पेल्नुहोस्।
kapilvastu,sugarcane,2,harvest,Harvest Dec–Feb at peak sucrose; crush within 24–48 hours of cutting.,चिनीको मात्रा उच्च हुँदा (पुस–माघ) कटानी गर्नुहोस्; काटेको २४–४८ घण्टाभित्र पेल्नुहोस्।
kapilvastu,sugarcane,3,harvest,Harvest Dec–Feb at peak sucrose; crush within 24–48 hours of cutting.,चिनीको मात्रा उच्च हुँदा (पुस–माघ) कटानी गर्नुहोस्; काटेको २४–४८ घण्टाभित्र पेल्नुहोस्।
kapilvastu,sugarcane,4,harvest,Harvest Dec–Feb at peak sucrose; crush within 24–48 hours of cutting.,चिनीको मात्रा उच्च हुँदा (पुस–माघ) कटानी गर्नुहोस्; काटेको २४–४८ घण्टाभित्र पेल्नुहोस्।
kapilvastu,sugarcane,5,harvest,Harvest Dec–Feb at peak sucrose; crush within 24–48 hours of cutting.,चिनीको मात्रा उच्च हुँदा (पुस–माघ) कटानी गर्नुहोस्; काटेको २४–४८ घण्टाभित्र पेल्नुहोस्।
kapilvastu,sugarcane,6,land-prep,Deep ploughing and furrow preparation; plan setts from disease-free nursery.,गहिरो जोताइ र कुलेसो तयारी गर्नुहोस्; रोगमुक्त नर्सरीबाट बीउ टुक्रा (सेट) योजना गर्नुहोस्।
kapilvastu,sugarcane,7,land-prep,Deep ploughing and furrow preparation; plan setts from disease-free nursery.,गहिरो जोताइ र कुलेसो तयारी गर्नुहोस्; रोगमुक्त नर्सरीबाट बीउ टुक्रा (सेट) योजना गर्नुहोस्।
kapilvastu,sugarcane,8,sowing,Plant three-bud setts Feb–Mar; irrigate immediately after planting in dry spring.,फागुन–चैतमा तीन आँख्ला भएका टुक्रा रोप्नुहोस्; सुख्खा वसन्तमा रोपेलगत्तै सिँचाइ गर्नुहोस्।
kapilvastu,sugarcane,9,sowing,Plant three-bud setts Feb–Mar; irrigate immediately after planting in dry spring.,फागुन–चैतमा तीन आँख्ला भएका टुक्रा रोप्नुहोस्; सुख्खा वसन्तमा रोपेलगत्तै सिँचाइ गर्नुहोस्।
kapilvastu,sugarcane,10,sowing,Plant three-bud setts Feb–Mar; irrigate immediately after planting in dry spring.,फागुन–चैतमा तीन आँख्ला भएका टुक्रा रोप्नुहोस्; सुख्खा वसन्तमा रोपेलगत्तै सिँचाइ गर्नुहोस्।
kapilvastu,sugarcane,11,sowing,Plant three-bud setts Feb–Mar; irrigate immediately after planting in dry spring.,फागुन–चैतमा तीन आँख्ला भएका टुक्रा रोप्नुहोस्; सुख्खा वसन्तमा रोपेलगत्तै सिँचाइ गर्नुहोस्।
kapilvastu,sugarcane,12,sowing,Plant three-bud setts Feb–Mar; irrigate immediately after planting in dry spring.,फागुन–चैतमा तीन आँख्ला भएका टुक्रा रोप्नुहोस्; सुख्खा वसन्तमा रोपेलगत्तै सिँचाइ गर्नुहोस्।
kapilvastu,sugarcane,13,vegetative,Tillering and grand growth through monsoon; earth-up and tie canes before storm season.,मनसुनभर गाँज हाल्ने र तीव्र वृद्धि हुन्छ; हुरी मौसमअघि माटो चढाउने र उखु बाँध्ने काम गर्नुहोस्।
kapilvastu,sugarcane,14,vegetative,Tillering and grand growth through monsoon; earth-up and tie canes before storm season.,मनसुनभर गाँज हाल्ने र तीव्र वृद्धि हुन्छ; हुरी मौसमअघि माटो चढाउने र उखु बाँध्ने काम गर्नुहोस्।
kapilvastu,sugarcane,15,vegetative,Tillering and grand growth through monsoon; earth-up and tie canes before storm season.,मनसुनभर गाँज हाल्ने र तीव्र वृद्धि हुन्छ; हुरी मौसमअघि माटो चढाउने र उखु बाँध्ने काम गर्नुहोस्।
kapilvastu,sugarcane,16,vegetative,Tillering and grand growth through monsoon; earth-up and tie canes before storm season.,मनसुनभर गाँज हाल्ने र तीव्र वृद्धि हुन्छ; हुरी मौसमअघि माटो चढाउने र उखु बाँध्ने काम गर्नुहोस्।
kapilvastu,sugarcane,17,vegetative,Tillering and grand growth through monsoon; earth-up and tie canes before storm season.,मनसुनभर गाँज हाल्ने र तीव्र वृद्धि हुन्छ; हुरी मौसमअघि माटो चढाउने र उखु बाँध्ने काम गर्नुहोस्।
kapilvastu,sugarcane,18,vegetative,Tillering and grand growth through monsoon; earth-up and tie canes before storm season.,मनसुनभर गाँज हाल्ने र तीव्र वृद्धि हुन्छ; हुरी मौसमअघि माटो चढाउने र उखु बाँध्ने काम गर्नुहोस्।
kapilvastu,sugarcane,19,vegetative,Tillering and grand growth through monsoon; earth-up and tie canes before storm season.,मनसुनभर गाँज हाल्ने र तीव्र वृद्धि हुन्छ; हुरी मौसमअघि माटो चढाउने र उखु बाँध्ने काम गर्नुहोस्।
kapilvastu,sugarcane,20,vegetative,Tillering and grand growth through monsoon; earth-up and tie canes before storm season.,मनसुनभर गाँज हाल्ने र तीव्र वृद्धि हुन्छ; हुरी मौसमअघि माटो चढाउने र उखु बाँध्ने काम गर्नुहोस्।
kapilvastu,sugarcane,21,vegetative,Tillering and grand growth through monsoon; earth-up and tie canes before storm season.,मनसुनभर गाँज हाल्ने र तीव्र वृद्धि हुन्छ; हुरी मौसमअघि माटो चढाउने र उखु बाँध्ने काम गर्नुहोस्।
kapilvastu,sugarcane,22,vegetative,Tillering and grand growth through monsoon; earth-up and tie canes before storm season.,मनसुनभर गाँज हाल्ने र तीव्र वृद्धि हुन्छ; हुरी मौसमअघि माटो चढाउने र उखु बाँध्ने काम गर्नुहोस्।
kapilvastu,sugarcane,23,vegetative,Tillering and grand growth through monsoon; earth-up and tie canes before storm season.,मनसुनभर गाँज हाल्ने र तीव्र वृद्धि हुन्छ; हुरी मौसमअघि माटो चढाउने र उखु बाँध्ने काम गर्नुहोस्।
kapilvastu,sugarcane,24,vegetative,Tillering and grand growth through monsoon; earth-up and tie canes before storm season.,मनसुनभर गाँज हाल्ने र तीव्र वृद्धि हुन्छ; हुरी मौसमअघि माटो चढाउने र उखु बाँध्ने काम गर्नुहोस्।
kapilvastu,sugarcane,25,vegetative,Tillering and grand growth through monsoon; earth-up and tie canes before storm season.,मनसुनभर गाँज हाल्ने र तीव्र वृद्धि हुन्छ; हुरी मौसमअघि माटो चढाउने र उखु बाँध्ने काम गर्नुहोस्।
kapilvastu,sugarcane,26,vegetative,Tillering and grand growth through monsoon; earth-up and tie canes before storm season.,मनसुनभर गाँज हाल्ने र तीव्र वृद्धि हुन्छ; हुरी मौसमअघि माटो चढाउने र उखु बाँध्ने काम गर्नुहोस्।
kapilvastu,sugarcane,27,vegetative,Tillering and grand growth through monsoon; earth-up and tie canes before storm season.,मनसुनभर गाँज हाल्ने र तीव्र वृद्धि हुन्छ; हुरी मौसमअघि माटो चढाउने र उखु बाँध्ने काम गर्नुहोस्।
kapilvastu,sugarcane,28,vegetative,Tillering and grand growth through monsoon; earth-up and tie canes before storm season.,मनसुनभर गाँज हाल्ने र तीव्र वृद्धि हुन्छ; हुरी मौसमअघि माटो चढाउने र उखु बाँध्ने काम गर्नुहोस्।
kapilvastu,sugarcane,29,vegetative,Tillering and grand growth through monsoon; earth-up and tie canes before storm season.,मनसुनभर गाँज हाल्ने र तीव्र वृद्धि हुन्छ; हुरी मौसमअघि माटो चढाउने र उखु बाँध्ने काम गर्नुहोस्।
kapilvastu,sugarcane,30,vegetative,Tillering and grand growth through monsoon; earth-up and tie canes before storm season.,मनसुनभर गाँज हाल्ने र तीव्र वृद्धि हुन्छ; हुरी मौसमअघि माटो चढाउने र उखु बाँध्ने काम गर्नुहोस्।
kapilvastu,sugarcane,31,grain-fill,Sucrose accumulation improves with cool dry autumn; stop irrigation 2–3 weeks before harvest.,चिसो सुख्खा शरदमा चिनीको मात्रा बढ्छ; कटानीको २–३ हप्ताअघि सिँचाइ रोक्नुहोस्।
kapilvastu,sugarcane,32,grain-fill,Sucrose accumulation improves with cool dry autumn; stop irrigation 2–3 weeks before harvest.,चिसो सुख्खा शरदमा चिनीको मात्रा बढ्छ; कटानीको २–३ हप्ताअघि सिँचाइ रोक्नुहोस्।
kapilvastu,sugarcane,33,grain-fill,Sucrose accumulation improves with cool dry autumn; stop irrigation 2–3 weeks before harvest.,चिसो सुख्खा शरदमा चिनीको मात्रा बढ्छ; कटानीको २–३ हप्ताअघि सिँचाइ रोक्नुहोस्।
kapilvastu,sugarcane,34,grain-fill,Sucrose accumulation improves with cool dry autumn; stop irrigation 2–3 weeks before harvest.,चिसो सुख्खा शरदमा चिनीको मात्रा बढ्छ; कटानीको २–३ हप्ताअघि सिँचाइ रोक्नुहोस्।
kapilvastu,sugarcane,35,grain-fill,Sucrose accumulation improves with cool dry autumn; stop irrigation 2–3 weeks before harvest.,चिसो सुख्खा शरदमा चिनीको मात्रा बढ्छ; कटानीको २–३ हप्ताअघि सिँचाइ रोक्नुहोस्।
kapilvastu,sugarcane,36,grain-fill,Sucrose accumulation improves with cool dry autumn; stop irrigation 2–3 weeks before harvest.,चिसो सुख्खा शरदमा चिनीको मात्रा बढ्छ; कटानीको २–३ हप्ताअघि सिँचाइ रोक्नुहोस्।
kapilvastu,sugarcane,37,grain-fill,Sucrose accumulation improves with cool dry autumn; stop irrigation 2–3 weeks before harvest.,चिसो सुख्खा शरदमा चिनीको मात्रा बढ्छ; कटानीको २–३ हप्ताअघि सिँचाइ रोक्नुहोस्।
kapilvastu,sugarcane,38,grain-fill,Sucrose accumulation improves with cool dry autumn; stop irrigation 2–3 weeks before harvest.,चिसो सुख्खा शरदमा चिनीको मात्रा बढ्छ; कटानीको २–३ हप्ताअघि सिँचाइ रोक्नुहोस्।
kapilvastu,sugarcane,39,grain-fill,Sucrose accumulation improves with cool dry autumn; stop irrigation 2–3 weeks before harvest.,चिसो सुख्खा शरदमा चिनीको मात्रा बढ्छ; कटानीको २–३ हप्ताअघि सिँचाइ रोक्नुहोस्।
kapilvastu,sugarcane,40,grain-fill,Sucrose accumulation improves with cool dry autumn; stop irrigation 2–3 weeks before harvest.,चिसो सुख्खा शरदमा चिनीको मात्रा बढ्छ; कटानीको २–३ हप्ताअघि सिँचाइ रोक्नुहोस्।
kapilvastu,sugarcane,41,grain-fill,Sucrose accumulation improves with cool dry autumn; stop irrigation 2–3 weeks before harvest.,चिसो सुख्खा शरदमा चिनीको मात्रा बढ्छ; कटानीको २–३ हप्ताअघि सिँचाइ रोक्नुहोस्।
kapilvastu,sugarcane,42,grain-fill,Sucrose accumulation improves with cool dry autumn; stop irrigation 2–3 weeks before harvest.,चिसो सुख्खा शरदमा चिनीको मात्रा बढ्छ; कटानीको २–३ हप्ताअघि सिँचाइ रोक्नुहोस्।
kapilvastu,sugarcane,43,grain-fill,Sucrose accumulation improves with cool dry autumn; stop irrigation 2–3 weeks before harvest.,चिसो सुख्खा शरदमा चिनीको मात्रा बढ्छ; कटानीको २–३ हप्ताअघि सिँचाइ रोक्नुहोस्।
kapilvastu,sugarcane,44,grain-fill,Sucrose accumulation improves with cool dry autumn; stop irrigation 2–3 weeks before harvest.,चिसो सुख्खा शरदमा चिनीको मात्रा बढ्छ; कटानीको २–३ हप्ताअघि सिँचाइ रोक्नुहोस्।
kapilvastu,sugarcane,45,grain-fill,Sucrose accumulation improves with cool dry autumn; stop irrigation 2–3 weeks before harvest.,चिसो सुख्खा शरदमा चिनीको मात्रा बढ्छ; कटानीको २–३ हप्ताअघि सिँचाइ रोक्नुहोस्।
kapilvastu,sugarcane,46,grain-fill,Sucrose accumulation improves with cool dry autumn; stop irrigation 2–3 weeks before harvest.,चिसो सुख्खा शरदमा चिनीको मात्रा बढ्छ; कटानीको २–३ हप्ताअघि सिँचाइ रोक्नुहोस्।
kapilvastu,sugarcane,47,grain-fill,Sucrose accumulation improves with cool dry autumn; stop irrigation 2–3 weeks before harvest.,चिसो सुख्खा शरदमा चिनीको मात्रा बढ्छ; कटानीको २–३ हप्ताअघि सिँचाइ रोक्नुहोस्।
kapilvastu,sugarcane,48,grain-fill,Sucrose accumulation improves with cool dry autumn; stop irrigation 2–3 weeks before harvest.,चिसो सुख्खा शरदमा चिनीको मात्रा बढ्छ; कटानीको २–३ हप्ताअघि सिँचाइ रोक्नुहोस्।
kapilvastu,sugarcane,49,harvest,Harvest Dec–Feb at peak sucrose; crush within 24–48 hours of cutting.,चिनीको मात्रा उच्च हुँदा (पुस–माघ) कटानी गर्नुहोस्; काटेको २४–४८ घण्टाभित्र पेल्नुहोस्।
kapilvastu,sugarcane,50,harvest,Harvest Dec–Feb at peak sucrose; crush within 24–48 hours of cutting.,चिनीको मात्रा उच्च हुँदा (पुस–माघ) कटानी गर्नुहोस्; काटेको २४–४८ घण्टाभित्र पेल्नुहोस्।
kapilvastu,sugarcane,51,harvest,Harvest Dec–Feb at peak sucrose; crush within 24–48 hours of cutting.,चिनीको मात्रा उच्च हुँदा (पुस–माघ) कटानी गर्नुहोस्; काटेको २४–४८ घण्टाभित्र पेल्नुहोस्।
kapilvastu,sugarcane,52,harvest,Harvest Dec–Feb at peak sucrose; crush within 24–48 hours of cutting.,चिनीको मात्रा उच्च हुँदा (पुस–माघ) कटानी गर्नुहोस्; काटेको २४–४८ घण्टाभित्र पेल्नुहोस्।
kapilvastu,potato,1,grain-fill,Tuber bulking: keep soil evenly moist; frost on clear January nights can scorch foliage.,दाना बढ्ने बेला: माटो एकनासले ओसिलो राख्नुहोस्; माघको सफा रातको तुषारोले पात डढाउन सक्छ।
kapilvastu,potato,2,grain-fill,Tuber bulking: keep soil evenly moist; frost on clear January nights can scorch foliage.,दाना बढ्ने बेला: माटो एकनासले ओसिलो राख्नुहोस्; माघको सफा रातको तुषारोले पात डढाउन सक्छ।
kapilvastu,potato,3,grain-fill,Tuber bulking: keep soil evenly moist; frost on clear January nights can scorch foliage.,दाना बढ्ने बेला: माटो एकनासले ओसिलो राख्नुहोस्; माघको सफा रातको तुषारोले पात डढाउन सक्छ।
kapilvastu,potato,4,grain-fill,Tuber bulking: keep soil evenly moist; frost on clear January nights can scorch foliage.,दाना बढ्ने बेला: माटो एकनासले ओसिलो राख्नुहोस्; माघको सफा रातको तुषारोले पात डढाउन सक्छ।
kapilvastu,potato,5,grain-fill,Tuber bulking: keep soil evenly moist; frost on clear January nights can scorch foliage.,दाना बढ्ने बेला: माटो एकनासले ओसिलो राख्नुहोस्; माघको सफा रातको तुषारोले पात डढाउन सक्छ।
kapilvastu,potato,6,harvest,"Dehaulm 10–14 days before digging for skin set; cure in shade, never in direct sun.","बोक्रा बस्नका लागि खन्नुभन्दा १०–१४ दिनअघि झ्याङ काट्नुहोस्; छहारीमा सुकाउनुहोस्, घाममा कहिल्यै होइन।"
kapilvastu,potato,7,harvest,"Dehaulm 10–14 days before digging for skin set; cure in shade, never in direct sun.","बोक्रा बस्नका लागि खन्नुभन्दा १०–१४ दिनअघि झ्याङ काट्नुहोस्; छहारीमा सुकाउनुहोस्, घाममा कहिल्यै होइन।"
kapilvastu,potato,8,harvest,"Dehaulm 10–14 days before digging for skin set; cure in shade, never in direct sun.","बोक्रा बस्नका लागि खन्नुभन्दा १०–१४ दिनअघि झ्याङ काट्नुहोस्; छहारीमा सुकाउनुहोस्, घाममा कहिल्यै होइन।"
kapilvastu,potato,9,harvest,"Dehaulm 10–14 days before digging for skin set; cure in shade, never in direct sun.","बोक्रा बस्नका लागि खन्नुभन्दा १०–१४ दिनअघि झ्याङ काट्नुहोस्; छहारीमा सुकाउनुहोस्, घाममा कहिल्यै होइन।"
kapilvastu,potato,10,harvest,"Dehaulm 10–14 days before digging for skin set; cure in shade, never in direct sun.","बोक्रा बस्नका लागि खन्नुभन्दा १०–१४ दिनअघि झ्याङ काट्नुहोस्; छहारीमा सुकाउनुहोस्, घाममा कहिल्यै होइन।"
kapilvastu,potato,11,post-harvest,"Dry, grade and store produce properly; hermetic bags reduce storage pest losses.","उपज राम्ररी सुकाएर, छानेर भण्डारण गर्नुहोस्; हावा नछिर्ने बोराले भण्डारण कीराको क्षति घटाउँछ।"
kapilvastu,potato,12,post-harvest,"Dry, grade and store produce properly; hermetic bags reduce storage pest losses.","उपज राम्ररी सुकाएर, छानेर भण्डारण गर्नुहोस्; हावा नछिर्ने बोराले भण्डारण कीराको क्षति घटाउँछ।"
kapilvastu,potato,13,post-harvest,"Dry, grade and store produce properly; hermetic bags reduce storage pest losses.","उपज राम्ररी सुकाएर, छानेर भण्डारण गर्नुहोस्; हावा नछिर्ने बोराले भण्डारण कीराको क्षति घटाउँछ।"
kapilvastu,potato,14,fallow,"Field resting period — good time for green manuring, soil testing and bund repair.","खेत बाँझो रहने समय — हरियो मल, माटो परीक्षण र आली मर्मतका लागि उपयुक्त समय।"
kapilvastu,potato,15,fallow,"Field resting period — good time for green manuring, soil testing and bund repair.","खेत बाँझो रहने समय — हरियो मल, माटो परीक्षण र आली मर्मतका लागि उपयुक्त समय।"
kapilvastu,potato,16,fallow,"Field resting period — good time for green manuring, soil testing and bund repair.","खेत बाँझो रहने समय — हरियो मल, माटो परीक्षण र आली मर्मतका लागि उपयुक्त समय।"
kapilvastu,potato,17,fallow,"Field resting period — good time for green manuring, soil testing and bund repair.","खेत बाँझो रहने समय — हरियो मल, माटो परीक्षण र आली मर्मतका लागि उपयुक्त समय।"
kapilvastu,potato,18,fallow,"Field resting period — good time for green manuring, soil testing and bund repair.","खेत बाँझो रहने समय — हरियो मल, माटो परीक्षण र आली मर्मतका लागि उपयुक्त समय।"
kapilvastu,potato,19,fallow,"Field resting period — good time for green manuring, soil testing and bund repair.","खेत बाँझो रहने समय — हरियो मल, माटो परीक्षण र आली मर्मतका लागि उपयुक्त समय।"
kapilvastu,potato,20,fallow,"Field resting period — good time for green manuring, soil testing and bund repair.","खेत बाँझो रहने समय — हरियो मल, माटो परीक्षण र आली मर्मतका लागि उपयुक्त समय।"
kapilvastu,potato,21,fallow,"Field resting period — good time for green manuring, soil testing and bund repair.","खेत बाँझो रहने समय — हरियो मल, माटो परीक्षण र आली मर्मतका लागि उपयुक्त समय।"
kapilvastu,potato,22,fallow,"Field resting period — good time for green manuring, soil testing and bund repair.","खेत बाँझो रहने समय — हरियो मल, माटो परीक्षण र आली मर्मतका लागि उपयुक्त समय।"
kapilvastu,potato,23,fallow,"Field resting period — good time for green manuring, soil testing and bund repair.","खेत बाँझो रहने समय — हरियो मल, माटो परीक्षण र आली मर्मतका लागि उपयुक्त समय।"
kapilvastu,potato,24,fallow,"Field resting period — good time for green manuring, soil testing and bund repair.","खेत बाँझो रहने समय — हरियो मल, माटो परीक्षण र आली मर्मतका लागि उपयुक्त समय।"
kapilvastu,potato,25,fallow,"Field resting period — good time for green manuring, soil testing and bund repair.","खेत बाँझो रहने समय — हरियो मल, माटो परीक्षण र आली मर्मतका लागि उपयुक्त समय।"
kapilvastu,potato,26,fallow,"Field resting period — good time for green manuring, soil testing and bund repair.","खेत बाँझो रहने समय — हरियो मल, माटो परीक्षण र आली मर्मतका लागि उपयुक्त समय।"
kapilvastu,potato,27,fallow,"Field resting period — good time for green manuring, soil testing and bund repair.","खेत बाँझो रहने समय — हरियो मल, माटो परीक्षण र आली मर्मतका लागि उपयुक्त समय।"
kapilvastu,potato,28,fallow,"Field resting period — good time for green manuring, soil testing and bund repair.","खेत बाँझो रहने समय — हरियो मल, माटो परीक्षण र आली मर्मतका लागि उपयुक्त समय।"
kapilvastu,potato,29,fallow,"Field resting period — good time for green manuring, soil testing and bund repair.","खेत बाँझो रहने समय — हरियो मल, माटो परीक्षण र आली मर्मतका लागि उपयुक्त समय।"
kapilvastu,potato,30,fallow,"Field resting period — good time for green manuring, soil testing and bund repair.","खेत बाँझो रहने समय — हरियो मल, माटो परीक्षण र आली मर्मतका लागि उपयुक्त समय।"
kapilvastu,potato,31,fallow,"Field resting period — good time for green manuring, soil testing and bund repair.","खेत बाँझो रहने समय — हरियो मल, माटो परीक्षण र आली मर्मतका लागि उपयुक्त समय।"
kapilvastu,potato,32,fallow,"Field resting period — good time for green manuring, soil testing and bund repair.","खेत बाँझो रहने समय — हरियो मल, माटो परीक्षण र आली मर्मतका लागि उपयुक्त समय।"
kapilvastu,potato,33,fallow,"Field resting period — good time for green manuring, soil testing and bund repair.","खेत बाँझो रहने समय — हरियो मल, माटो परीक्षण र आली मर्मतका लागि उपयुक्त समय।"
kapilvastu,potato,34,fallow,"Field resting period — good time for green manuring, soil testing and bund repair.","खेत बाँझो रहने समय — हरियो मल, माटो परीक्षण र आली मर्मतका लागि उपयुक्त समय।"
kapilvastu,potato,35,fallow,"Field resting period — good time for green manuring, soil testing and bund repair.","खेत बाँझो रहने समय — हरियो मल, माटो परीक्षण र आली मर्मतका लागि उपयुक्त समय।"
kapilvastu,potato,36,fallow,"Field resting period — good time for green manuring, soil testing and bund repair.","खेत बाँझो रहने समय — हरियो मल, माटो परीक्षण र आली मर्मतका लागि उपयुक्त समय।"
kapilvastu,potato,37,fallow,"Field resting period — good time for green manuring, soil testing and bund repair.","खेत बाँझो रहने समय — हरियो मल, माटो परीक्षण र आली मर्मतका लागि उपयुक्त समय।"
kapilvastu,potato,38,fallow,"Field resting period — good time for green manuring, soil testing and bund repair.","खेत बाँझो रहने समय — हरियो मल, माटो परीक्षण र आली मर्मतका लागि उपयुक्त समय।"
kapilvastu,potato,39,fallow,"Field resting period — good time for green manuring, soil testing and bund repair.","खेत बाँझो रहने समय — हरियो मल, माटो परीक्षण र आली मर्मतका लागि उपयुक्त समय।"
kapilvastu,potato,40,land-prep,Prepare ridges after monsoon recedes; well-drained loose soil prevents tuber rot.,मनसुन सकिएपछि ड्याङ बनाउनुहोस्; निकास राम्रो भएको खुकुलो माटोले दाना कुहिनबाट जोगाउँछ।
kapilvastu,potato,41,land-prep,Prepare ridges after monsoon recedes; well-drained loose soil prevents tuber rot.,मनसुन सकिएपछि ड्याङ बनाउनुहोस्; निकास राम्रो भएको खुकुलो माटोले दाना कुहिनबाट जोगाउँछ।
kapilvastu,potato,42,sowing,Plant sprouted seed tubers Oct–Nov; soil moisture at planting is critical for uniform emergence.,टुसा उम्रेका बीउ आलु कात्तिक–मंसिरमा रोप्नुहोस्; एकनासले उम्रन रोप्दा माटोको चिस्यान महत्वपूर्ण छ।
kapilvastu,potato,43,sowing,Plant sprouted seed tubers Oct–Nov; soil moisture at planting is critical for uniform emergence.,टुसा उम्रेका बीउ आलु कात्तिक–मंसिरमा रोप्नुहोस्; एकनासले उम्रन रोप्दा माटोको चिस्यान महत्वपूर्ण छ।
kapilvastu,potato,44,sowing,Plant sprouted seed tubers Oct–Nov; soil moisture at planting is critical for uniform emergence.,टुसा उम्रेका बीउ आलु कात्तिक–मंसिरमा रोप्नुहोस्; एकनासले उम्रन रोप्दा माटोको चिस्यान महत्वपूर्ण छ।
kapilvastu,potato,45,sowing,Plant sprouted seed tubers Oct–Nov; soil moisture at planting is critical for uniform emergence.,टुसा उम्रेका बीउ आलु कात्तिक–मंसिरमा रोप्नुहोस्; एकनासले उम्रन रोप्दा माटोको चिस्यान महत्वपूर्ण छ।
kapilvastu,potato,46,vegetative,Earth-up twice; late blight risk spikes with fog and drizzle — prophylactic spray on forecast.,दुई पटक माटो चढाउनुहोस्; कुहिरो र सिमसिम पानीले डढुवा रोगको जोखिम बढाउँछ — पूर्वानुमान हेरी अग्रिम छर्काव गर्नुहोस्।
kapilvastu,potato,47,vegetative,Earth-up twice; late blight risk spikes with fog and drizzle — prophylactic spray on forecast.,दुई पटक माटो चढाउनुहोस्; कुहिरो र सिमसिम पानीले डढुवा रोगको जोखिम बढाउँछ — पूर्वानुमान हेरी अग्रिम छर्काव गर्नुहोस्।
kapilvastu,potato,48,vegetative,Earth-up twice; late blight risk spikes with fog and drizzle — prophylactic spray on forecast.,दुई पटक माटो चढाउनुहोस्; कुहिरो र सिमसिम पानीले डढुवा रोगको जोखिम बढाउँछ — पूर्वानुमान हेरी अग्रिम छर्काव गर्नुहोस्।
kapilvastu,potato,49,vegetative,Earth-up twice; late blight risk spikes with fog and drizzle — prophylactic spray on forecast.,दुई पटक माटो चढाउनुहोस्; कुहिरो र सिमसिम पानीले डढुवा रोगको जोखिम बढाउँछ — पूर्वानुमान हेरी अग्रिम छर्काव गर्नुहोस्।
kapilvastu,potato,50,vegetative,Earth-up twice; late blight risk spikes with fog and drizzle — prophylactic spray on forecast.,दुई पटक माटो चढाउनुहोस्; कुहिरो र सिमसिम पानीले डढुवा रोगको जोखिम बढाउँछ — पूर्वानुमान हेरी अग्रिम छर्काव गर्नुहोस्।
kapilvastu,potato,51,vegetative,Earth-up twice; late blight risk spikes with fog and drizzle — prophylactic spray on forecast.,दुई पटक माटो चढाउनुहोस्; कुहिरो र सिमसिम पानीले डढुवा रोगको जोखिम बढाउँछ — पूर्वानुमान हेरी अग्रिम छर्काव गर्नुहोस्।
kapilvastu,potato,52,vegetative,Earth-up twice; late blight risk spikes with fog and drizzle — prophylactic spray on forecast.,दुई पटक माटो चढाउनुहोस्; कुहिरो र सिमसिम पानीले डढुवा रोगको जोखिम बढाउँछ — पूर्वानुमान हेरी अग्रिम छर्काव गर्नुहोस्।
rupandehi,paddy,1,fallow,"Field resting period — good time for green manuring, soil testing and bund repair.","खेत बाँझो रहने समय — हरियो मल, माटो परीक्षण र आली मर्मतका लागि उपयुक्त समय।"
rupandehi,paddy,2,fallow,"Field resting period — good time for green manuring, soil testing and bund repair.","खेत बाँझो रहने समय — हरियो मल, माटो परीक्षण र आली मर्मतका लागि उपयुक्त समय।"
rupandehi,paddy,3,fallow,"Field resting period — good time for green manuring, soil testing and bund repair.","खेत बाँझो रहने समय — हरियो मल, माटो परीक्षण र आली मर्मतका लागि उपयुक्त समय।"
rupandehi,paddy,4,fallow,"Field resting period — good time for green manuring, soil testing and bund repair.","खेत बाँझो रहने समय — हरियो मल, माटो परीक्षण र आली मर्मतका लागि उपयुक्त समय।"
rupandehi,paddy,5,fallow,"Field resting period — good time for green manuring, soil testing and bund repair.","खेत बाँझो रहने समय — हरियो मल, माटो परीक्षण र आली मर्मतका लागि उपयुक्त समय।"
rupandehi,paddy,6,fallow,"Field resting period — good time for green manuring, soil testing and bund repair.","खेत बाँझो रहने समय — हरियो मल, माटो परीक्षण र आली मर्मतका लागि उपयुक्त समय।"
rupandehi,paddy,7,fallow,"Field resting period — good time for green manuring, soil testing and bund repair.","खेत बाँझो रहने समय — हरियो मल, माटो परीक्षण र आली मर्मतका लागि उपयुक्त समय।"
rupandehi,paddy,8,fallow,"Field resting period — good time for green manuring, soil testing and bund repair.","खेत बाँझो रहने समय — हरियो मल, माटो परीक्षण र आली मर्मतका लागि उपयुक्त समय।"
rupandehi,paddy,9,fallow,"Field resting period — good time for green manuring, soil testing and bund repair.","खेत बाँझो रहने समय — हरियो मल, माटो परीक्षण र आली मर्मतका लागि उपयुक्त समय।"
rupandehi,paddy,10,fallow,"Field resting period — good time for green manuring, soil testing and bund repair.","खेत बाँझो रहने समय — हरियो मल, माटो परीक्षण र आली मर्मतका लागि उपयुक्त समय।"
rupandehi,paddy,11,fallow,"Field resting period — good time for green manuring, soil testing and bund repair.","खेत बाँझो रहने समय — हरियो मल, माटो परीक्षण र आली मर्मतका लागि उपयुक्त समय।"
rupandehi,paddy,12,fallow,"Field resting period — good time for green manuring, soil testing and bund repair.","खेत बाँझो रहने समय — हरियो मल, माटो परीक्षण र आली मर्मतका लागि उपयुक्त समय।"
rupandehi,paddy,13,fallow,"Field resting period — good time for green manuring, soil testing and bund repair.","खेत बाँझो रहने समय — हरियो मल, माटो परीक्षण र आली मर्मतका लागि उपयुक्त समय।"
rupandehi,paddy,14,fallow,"Field resting period — good time for green manuring, soil testing and bund repair.","खेत बाँझो रहने समय — हरियो मल, माटो परीक्षण र आली मर्मतका लागि उपयुक्त समय।"
rupandehi,paddy,15,fallow,"Field resting period — good time for green manuring, soil testing and bund repair.","खेत बाँझो रहने समय — हरियो मल, माटो परीक्षण र आली मर्मतका लागि उपयुक्त समय।"
rupandehi,paddy,16,fallow,"Field resting period — good time for green manuring, soil testing and bund repair.","खेत बाँझो रहने समय — हरियो मल, माटो परीक्षण र आली मर्मतका लागि उपयुक्त समय।"
rupandehi,paddy,17,fallow,"Field resting period — good time for green manuring, soil testing and bund repair.","खेत बाँझो रहने समय — हरियो मल, माटो परीक्षण र आली मर्मतका लागि उपयुक्त समय।"
rupandehi,paddy,18,fallow,"Field resting period — good time for green manuring, soil testing and bund repair.","खेत बाँझो रहने समय — हरियो मल, माटो परीक्षण र आली मर्मतका लागि उपयुक्त समय।"
rupandehi,paddy,19,fallow,"Field resting period — good time for green manuring, soil testing and bund repair.","खेत बाँझो रहने समय — हरियो मल, माटो परीक्षण र आली मर्मतका लागि उपयुक्त समय।"
rupandehi,paddy,20,fallow,"Field resting period — good time for green manuring, soil testing and bund repair.","खेत बाँझो रहने समय — हरियो मल, माटो परीक्षण र आली मर्मतका लागि उपयुक्त समय।"
rupandehi,paddy,21,fallow,"Field resting period — good time for green manuring, soil testing and bund repair.","खेत बाँझो रहने समय — हरियो मल, माटो परीक्षण र आली मर्मतका लागि उपयुक्त समय।"
rupandehi,paddy,22,land-prep,Prepare bunds and puddle fields; pre-monsoon showers can be erratic — keep nursery seedbeds on higher ground.,आली मर्मत र खेत हिलाउने काम गर्नुहोस्; मनसुनअघिको वर्षा अनियमित हुनसक्छ — बीउ ब्याड अग्लो ठाउँमा राख्नुहोस्।
rupandehi,paddy,23,land-prep,Prepare bunds and puddle fields; pre-monsoon showers can be erratic — keep nursery seedbeds on higher ground.,आली मर्मत र खेत हिलाउने काम गर्नुहोस्; मनसुनअघिको वर्षा अनियमित हुनसक्छ — बीउ ब्याड अग्लो ठाउँमा राख्नुहोस्।
rupandehi,paddy,24,land-prep,Prepare bunds and puddle fields; pre-monsoon showers can be erratic — keep nursery seedbeds on higher ground.,आली मर्मत र खेत हिलाउने काम गर्नुहोस्; मनसुनअघिको वर्षा अनियमित हुनसक्छ — बीउ ब्याड अग्लो ठाउँमा राख्नुहोस्।
rupandehi,paddy,25,sowing,Transplant 20–25 day seedlings with monsoon onset; delayed monsoon may require supplemental irrigation.,मनसुन सुरु भएसँगै २०–२५ दिनका बेर्ना रोप्नुहोस्; मनसुन ढिलो भए थप सिँचाइ आवश्यक पर्न सक्छ।
rupandehi,paddy,26,sowing,Transplant 20–25 day seedlings with monsoon onset; delayed monsoon may require supplemental irrigation.,मनसुन सुरु भएसँगै २०–२५ दिनका बेर्ना रोप्नुहोस्; मनसुन ढिलो भए थप सिँचाइ आवश्यक पर्न सक्छ।
rupandehi,paddy,27,sowing,Transplant 20–25 day seedlings with monsoon onset; delayed monsoon may require supplemental irrigation.,मनसुन सुरु भएसँगै २०–२५ दिनका बेर्ना रोप्नुहोस्; मनसुन ढिलो भए थप सिँचाइ आवश्यक पर्न सक्छ।
rupandehi,paddy,28,sowing,Transplant 20–25 day seedlings with monsoon onset; delayed monsoon may require supplemental irrigation.,मनसुन सुरु भएसँगै २०–२५ दिनका बेर्ना रोप्नुहोस्; मनसुन ढिलो भए थप सिँचाइ आवश्यक पर्न सक्छ।
rupandehi,paddy,29,sowing,Transplant 20–25 day seedlings with monsoon onset; delayed monsoon may require supplemental irrigation.,मनसुन सुरु भएसँगै २०–२५ दिनका बेर्ना रोप्नुहोस्; मनसुन ढिलो भए थप सिँचाइ आवश्यक पर्न सक्छ।
rupandehi,paddy,30,vegetative,Peak monsoon: watch for flooding in low fields and stem borer after heavy rain.,मनसुनको चरम समय: होचा खेतमा डुबान र भारी वर्षापछि गवारो कीराको निगरानी गर्नुहोस्।
rupandehi,paddy,31,vegetative,Peak monsoon: watch for flooding in low fields and stem borer after heavy rain.,मनसुनको चरम समय: होचा खेतमा डुबान र भारी वर्षापछि गवारो कीराको निगरानी गर्नुहोस्।
rupandehi,paddy,32,vegetative,Peak monsoon: watch for flooding in low fields and stem borer after heavy rain.,मनसुनको चरम समय: होचा खेतमा डुबान र भारी वर्षापछि गवारो कीराको निगरानी गर्नुहोस्।
rupandehi,paddy,33,vegetative,Peak monsoon: watch for flooding in low fields and stem borer after heavy rain.,मनसुनको चरम समय: होचा खेतमा डुबान र भारी वर्षापछि गवारो कीराको निगरानी गर्नुहोस्।
rupandehi,paddy,34,vegetative,Peak monsoon: watch for flooding in low fields and stem borer after heavy rain.,मनसुनको चरम समय: होचा खेतमा डुबान र भारी वर्षापछि गवारो कीराको निगरानी गर्नुहोस्।
rupandehi,paddy,35,vegetative,Peak monsoon: watch for flooding in low fields and stem borer after heavy rain.,मनसुनको चरम समय: होचा खेतमा डुबान र भारी वर्षापछि गवारो कीराको निगरानी गर्नुहोस्।
rupandehi,paddy,36,flowering,Critical water-sensitive stage — do not let fields dry; late-monsoon dry spells reduce grain set.,पानीप्रति अति संवेदनशील चरण — खेत सुक्न नदिनुहोस्; मनसुन अन्त्यको खडेरीले दाना कम लाग्न सक्छ।
rupandehi,paddy,37,flowering,Critical water-sensitive stage — do not let fields dry; late-monsoon dry spells reduce grain set.,पानीप्रति अति संवेदनशील चरण — खेत सुक्न नदिनुहोस्; मनसुन अन्त्यको खडेरीले दाना कम लाग्न सक्छ।
rupandehi,paddy,38,flowering,Critical water-sensitive stage — do not let fields dry; late-monsoon dry spells reduce grain set.,पानीप्रति अति संवेदनशील चरण — खेत सुक्न नदिनुहोस्; मनसुन अन्त्यको खडेरीले दाना कम लाग्न सक्छ।
rupandehi,paddy,39,flowering,Critical water-sensitive stage — do not let fields dry; late-monsoon dry spells reduce grain set.,पानीप्रति अति संवेदनशील चरण — खेत सुक्न नदिनुहोस्; मनसुन अन्त्यको खडेरीले दाना कम लाग्न सक्छ।
rupandehi,paddy,40,grain-fill,Post-monsoon rain and lodging risk; drain fields 10–15 days before expected harvest.,मनसुनपछिको वर्षा र बाली ढल्ने जोखिम; कटानीको १०–१५ दिनअघि खेतको पानी निकास गर्नुहोस्।
rupandehi,paddy,41,grain-fill,Post-monsoon rain and lodging risk; drain fields 10–15 days before expected harvest.,मनसुनपछिको वर्षा र बाली ढल्ने जोखिम; कटानीको १०–१५ दिनअघि खेतको पानी निकास गर्नुहोस्।
rupandehi,paddy,42,grain-fill,Post-monsoon rain and lodging risk; drain fields 10–15 days before expected harvest.,मनसुनपछिको वर्षा र बाली ढल्ने जोखिम; कटानीको १०–१५ दिनअघि खेतको पानी निकास गर्नुहोस्।
rupandehi,paddy,43,grain-fill,Post-monsoon rain and lodging risk; drain fields 10–15 days before expected harvest.,मनसुनपछिको वर्षा र बाली ढल्ने जोखिम; कटानीको १०–१५ दिनअघि खेतको पानी निकास गर्नुहोस्।
rupandehi,paddy,44,harvest,Harvest at 20–22% grain moisture; unseasonal October–November rain can cause sprouting in stacked paddy.,दाना २०–२२% चिस्यानमा कटानी गर्नुहोस्; कात्तिक–मंसिरको बेमौसमी वर्षाले थुपारेको धानमा टुसा उम्रन सक्छ।
rupandehi,paddy,45,harvest,Harvest at 20–22% grain moisture; unseasonal October–November rain can cause sprouting in stacked paddy.,दाना २०–२२% चिस्यानमा कटानी गर्नुहोस्; कात्तिक–मंसिरको बेमौसमी वर्षाले थुपारेको धानमा टुसा उम्रन सक्छ।
rupandehi,paddy,46,harvest,Harvest at 20–22% grain moisture; unseasonal October–November rain can cause sprouting in stacked paddy.,दाना २०–२२% चिस्यानमा कटानी गर्नुहोस्; कात्तिक–मंसिरको बेमौसमी वर्षाले थुपारेको धानमा टुसा उम्रन सक्छ।
rupandehi,paddy,47,harvest,Harvest at 20–22% grain moisture; unseasonal October–November rain can cause sprouting in stacked paddy.,दाना २०–२२% चिस्यानमा कटानी गर्नुहोस्; कात्तिक–मंसिरको बेमौसमी वर्षाले थुपारेको धानमा टुसा उम्रन सक्छ।
rupandehi,paddy,48,post-harvest,"Dry, grade and store produce properly; hermetic bags reduce storage pest losses.","उपज राम्ररी सुकाएर, छानेर भण्डारण गर्नुहोस्; हावा नछिर्ने बोराले भण्डारण कीराको क्षति घटाउँछ।"
rupandehi,paddy,49,post-harvest,"Dry, grade and store produce properly; hermetic bags reduce storage pest losses.","उपज राम्ररी सुकाएर, छानेर भण्डारण गर्नुहोस्; हावा नछिर्ने बोराले भण्डारण कीराको क्षति घटाउँछ।"
rupandehi,paddy,50,post-harvest,"Dry, grade and store produce properly; hermetic bags reduce storage pest losses.","उपज राम्ररी सुकाएर, छानेर भण्डारण गर्नुहोस्; हावा नछिर्ने बोराले भण्डारण कीराको क्षति घटाउँछ।"
rupandehi,paddy,51,post-harvest,"Dry, grade and store produce properly; hermetic bags reduce storage pest losses.","उपज राम्ररी सुकाएर, छानेर भण्डारण गर्नुहोस्; हावा नछिर्ने बोराले भण्डारण कीराको क्षति घटाउँछ।"
rupandehi,paddy,52,post-harvest,"Dry, grade and store produce properly; hermetic bags reduce storage pest losses.","उपज राम्ररी सुकाएर, छानेर भण्डारण गर्नुहोस्; हावा नछिर्ने बोराले भण्डारण कीराको क्षति घटाउँछ।"
rupandehi,wheat,1,vegetative,Cold spells and fog are common; irrigate at crown-root initiation (~21 days after sowing).,शीतलहर र कुहिरो सामान्य हो; छरेको करिब २१ दिनपछि (मुख्य जरा बन्ने बेला) सिँचाइ गर्नुहोस्।
rupandehi,wheat,2,vegetative,Cold spells and fog are common; irrigate at crown-root initiation (~21 days after sowing).,शीतलहर र कुहिरो सामान्य हो; छरेको करिब २१ दिनपछि (मुख्य जरा बन्ने बेला) सिँचाइ गर्नुहोस्।
rupandehi,wheat,3,vegetative,Cold spells and fog are common; irrigate at crown-root initiation (~21 days after sowing).,शीतलहर र कुहिरो सामान्य हो; छरेको करिब २१ दिनपछि (मुख्य जरा बन्ने बेला) सिँचाइ गर्नुहोस्।
rupandehi,wheat,4,vegetative,Cold spells and fog are common; irrigate at crown-root initiation (~21 days after sowing).,शीतलहर र कुहिरो सामान्य हो; छरेको करिब २१ दिनपछि (मुख्य जरा बन्ने बेला) सिँचाइ गर्नुहोस्।
rupandehi,wheat,5,flowering,Watch for yellow rust after prolonged cool-humid weather; ensure irrigation at booting–heading.,लामो चिसो-ओसिलो मौसमपछि पहेँलो सिन्दुरे रोगको निगरानी गर्नुहोस्; बाला निस्कने बेला सिँचाइ सुनिश्चित गर्नुहोस्।
rupandehi,wheat,6,flowering,Watch for yellow rust after prolonged cool-humid weather; ensure irrigation at booting–heading.,लामो चिसो-ओसिलो मौसमपछि पहेँलो सिन्दुरे रोगको निगरानी गर्नुहोस्; बाला निस्कने बेला सिँचाइ सुनिश्चित गर्नुहोस्।
rupandehi,wheat,7,flowering,Watch for yellow rust after prolonged cool-humid weather; ensure irrigation at booting–heading.,लामो चिसो-ओसिलो मौसमपछि पहेँलो सिन्दुरे रोगको निगरानी गर्नुहोस्; बाला निस्कने बेला सिँचाइ सुनिश्चित गर्नुहोस्।
rupandehi,wheat,8,flowering,Watch for yellow rust after prolonged cool-humid weather; ensure irrigation at booting–heading.,लामो चिसो-ओसिलो मौसमपछि पहेँलो सिन्दुरे रोगको निगरानी गर्नुहोस्; बाला निस्कने बेला सिँचाइ सुनिश्चित गर्नुहोस्।
rupandehi,wheat,9,grain-fill,Rising March temperatures can force early maturity; terminal heat is the main yield risk in the Terai.,चैतको बढ्दो तापक्रमले बाली छिटो पाक्न सक्छ; अन्तिम चरणको गर्मी तराईमा उत्पादनको मुख्य जोखिम हो।
rupandehi,wheat,10,grain-fill,Rising March temperatures can force early maturity; terminal heat is the main yield risk in the Terai.,चैतको बढ्दो तापक्रमले बाली छिटो पाक्न सक्छ; अन्तिम चरणको गर्मी तराईमा उत्पादनको मुख्य जोखिम हो।
rupandehi,wheat,11,grain-fill,Rising March temperatures can force early maturity; terminal heat is the main yield risk in the Terai.,चैतको बढ्दो तापक्रमले बाली छिटो पाक्न सक्छ; अन्तिम चरणको गर्मी तराईमा उत्पादनको मुख्य जोखिम हो।
rupandehi,wheat,12,harvest,Harvest before pre-monsoon thunderstorms (Chaitra); hailstorm risk peaks in late March–April.,मनसुनअघिको हावाहुरी (चैत) अघि कटानी गर्नुहोस्; चैत–वैशाखमा असिनाको जोखिम बढी हुन्छ।
rupandehi,wheat,13,harvest,Harvest before pre-monsoon thunderstorms (Chaitra); hailstorm risk peaks in late March–April.,मनसुनअघिको हावाहुरी (चैत) अघि कटानी गर्नुहोस्; चैत–वैशाखमा असिनाको जोखिम बढी हुन्छ।
rupandehi,wheat,14,harvest,Harvest before pre-monsoon thunderstorms (Chaitra); hailstorm risk peaks in late March–April.,मनसुनअघिको हावाहुरी (चैत) अघि कटानी गर्नुहोस्; चैत–वैशाखमा असिनाको जोखिम बढी हुन्छ।
rupandehi,wheat,15,harvest,Harvest before pre-monsoon thunderstorms (Chaitra); hailstorm risk peaks in late March–April.,मनसुनअघिको हावाहुरी (चैत) अघि कटानी गर्नुहोस्; चैत–वैशाखमा असिनाको जोखिम बढी हुन्छ।
rupandehi,wheat,16,post-harvest,"Dry, grade and store produce properly; hermetic bags reduce storage pest losses.","उपज राम्ररी सुकाएर, छानेर भण्डारण गर्नुहोस्; हावा नछिर्ने बोराले भण्डारण कीराको क्षति घटाउँछ।"
rupandehi,wheat,17,post-harvest,"Dry, grade and store produce properly; hermetic bags reduce storage pest losses.","उपज राम्ररी सुकाएर, छानेर भण्डारण गर्नुहोस्; हावा नछिर्ने बोराले भण्डारण कीराको क्षति घटाउँछ।"
rupandehi,wheat,18,post-harvest,"Dry, grade and store produce properly; hermetic bags reduce storage pest losses.","उपज राम्ररी सुकाएर, छानेर भण्डारण गर्नुहोस्; हावा नछिर्ने बोराले भण्डारण कीराको क्षति घटाउँछ।"
rupandehi,wheat,19,fallow,"Field resting period — good time for green manuring, soil testing and bund repair.","खेत बाँझो रहने समय — हरियो मल, माटो परीक्षण र आली मर्मतका लागि उपयुक्त समय।"
rupandehi,wheat,20,fallow,"Field resting period — good time for green manuring, soil testing and bund repair.","खेत बाँझो रहने समय — हरियो मल, माटो परीक्षण र आली मर्मतका लागि उपयुक्त समय।"
rupandehi,wheat,21,fallow,"Field resting period — good time for green manuring, soil testing and bund repair.","खेत बाँझो रहने समय — हरियो मल, माटो परीक्षण र आली मर्मतका लागि उपयुक्त समय।"
rupandehi,wheat,22,fallow,"Field resting period — good time for green manuring, soil testing and bund repair.","खेत बाँझो रहने समय — हरियो मल, माटो परीक्षण र आली मर्मतका लागि उपयुक्त समय।"
rupandehi,wheat,23,fallow,"Field resting period — good time for green manuring, soil testing and bund repair.","खेत बाँझो रहने समय — हरियो मल, माटो परीक्षण र आली मर्मतका लागि उपयुक्त समय।"
rupandehi,wheat,24,fallow,"Field resting period — good time for green manuring, soil testing and bund repair.","खेत बाँझो रहने समय — हरियो मल, माटो परीक्षण र आली मर्मतका लागि उपयुक्त समय।"
rupandehi,wheat,25,fallow,"Field resting period — good time for green manuring, soil testing and bund repair.","खेत बाँझो रहने समय — हरियो मल, माटो परीक्षण र आली मर्मतका लागि उपयुक्त समय।"
rupandehi,wheat,26,fallow,"Field resting period — good time for green manuring, soil testing and bund repair.","खेत बाँझो रहने समय — हरियो मल, माटो परीक्षण र आली मर्मतका लागि उपयुक्त समय।"
rupandehi,wheat,27,fallow,"Field resting period — good time for green manuring, soil testing and bund repair.","खेत बाँझो रहने समय — हरियो मल, माटो परीक्षण र आली मर्मतका लागि उपयुक्त समय।"
rupandehi,wheat,28,fallow,"Field resting period — good time for green manuring, soil testing and bund repair.","खेत बाँझो रहने समय — हरियो मल, माटो परीक्षण र आली मर्मतका लागि उपयुक्त समय।"
rupandehi,wheat,29,fallow,"Field resting period — good time for green manuring, soil testing and bund repair.","खेत बाँझो रहने समय — हरियो मल, माटो परीक्षण र आली मर्मतका लागि उपयुक्त समय।"
rupandehi,wheat,30,fallow,"Field resting period — good time for green manuring, soil testing and bund repair.","खेत बाँझो रहने समय — हरियो मल, माटो परीक्षण र आली मर्मतका लागि उपयुक्त समय।"
rupandehi,wheat,31,fallow,"Field resting period — good time for green manuring, soil testing and bund repair.","खेत बाँझो रहने समय — हरियो मल, माटो परीक्षण र आली मर्मतका लागि उपयुक्त समय।"
rupandehi,wheat,32,fallow,"Field resting period — good time for green manuring, soil testing and bund repair.","खेत बाँझो रहने समय — हरियो मल, माटो परीक्षण र आली मर्मतका लागि उपयुक्त समय।"
rupandehi,wheat,33,fallow,"Field resting period — good time for green manuring, soil testing and bund repair.","खेत बाँझो रहने समय — हरियो मल, माटो परीक्षण र आली मर्मतका लागि उपयुक्त समय।"
rupandehi,wheat,34,fallow,"Field resting period — good time for green manuring, soil testing and bund repair.","खेत बाँझो रहने समय — हरियो मल, माटो परीक्षण र आली मर्मतका लागि उपयुक्त समय।"
rupandehi,wheat,35,fallow,"Field resting period — good time for green manuring, soil testing and bund repair.","खेत बाँझो रहने समय — हरियो मल, माटो परीक्षण र आली मर्मतका लागि उपयुक्त समय।"
rupandehi,wheat,36,fallow,"Field resting period — good time for green manuring, soil testing and bund repair.","खेत बाँझो रहने समय — हरियो मल, माटो परीक्षण र आली मर्मतका लागि उपयुक्त समय।"
rupandehi,wheat,37,fallow,"Field resting period — good time for green manuring, soil testing and bund repair.","खेत बाँझो रहने समय — हरियो मल, माटो परीक्षण र आली मर्मतका लागि उपयुक्त समय।"
rupandehi,wheat,38,fallow,"Field resting period — good time for green manuring, soil testing and bund repair.","खेत बाँझो रहने समय — हरियो मल, माटो परीक्षण र आली मर्मतका लागि उपयुक्त समय।"
rupandehi,wheat,39,fallow,"Field resting period — good time for green manuring, soil testing and bund repair.","खेत बाँझो रहने समय — हरियो मल, माटो परीक्षण र आली मर्मतका लागि उपयुक्त समय।"
rupandehi,wheat,40,fallow,"Field resting period — good time for green manuring, soil testing and bund repair.","खेत बाँझो रहने समय — हरियो मल, माटो परीक्षण र आली मर्मतका लागि उपयुक्त समय।"
rupandehi,wheat,41,fallow,"Field resting period — good time for green manuring, soil testing and bund repair.","खेत बाँझो रहने समय — हरियो मल, माटो परीक्षण र आली मर्मतका लागि उपयुक्त समय।"
rupandehi,wheat,42,fallow,"Field resting period — good time for green manuring, soil testing and bund repair.","खेत बाँझो रहने समय — हरियो मल, माटो परीक्षण र आली मर्मतका लागि उपयुक्त समय।"
rupandehi,wheat,43,fallow,"Field resting period — good time for green manuring, soil testing and bund repair.","खेत बाँझो रहने समय — हरियो मल, माटो परीक्षण र आली मर्मतका लागि उपयुक्त समय।"
rupandehi,wheat,44,land-prep,Prepare fields immediately after paddy harvest; residual moisture reduces first-irrigation need.,धान कटानीलगत्तै खेत तयार गर्नुहोस्; बाँकी चिस्यानले पहिलो सिँचाइको आवश्यकता घटाउँछ।
rupandehi,wheat,45,land-prep,Prepare fields immediately after paddy harvest; residual moisture reduces first-irrigation need.,धान कटानीलगत्तै खेत तयार गर्नुहोस्; बाँकी चिस्यानले पहिलो सिँचाइको आवश्यकता घटाउँछ।
rupandehi,wheat,46,sowing,Sow by early December — every week's delay after Mangsir cuts yield; use seed drill where available.,मंसिरको सुरुसम्ममा छर्नुहोस् — त्यसपछिको हरेक हप्ताको ढिलाइले उत्पादन घट्छ; सम्भव भए सिड ड्रिल प्रयोग गर्नुहोस्।
rupandehi,wheat,47,sowing,Sow by early December — every week's delay after Mangsir cuts yield; use seed drill where available.,मंसिरको सुरुसम्ममा छर्नुहोस् — त्यसपछिको हरेक हप्ताको ढिलाइले उत्पादन घट्छ; सम्भव भए सिड ड्रिल प्रयोग गर्नुहोस्।
rupandehi,wheat,48,sowing,Sow by early December — every week's delay after Mangsir cuts yield; use seed drill where available.,मंसिरको सुरुसम्ममा छर्नुहोस् — त्यसपछिको हरेक हप्ताको ढिलाइले उत्पादन घट्छ; सम्भव भए सिड ड्रिल प्रयोग गर्नुहोस्।
rupandehi,wheat,49,sowing,Sow by early December — every week's delay after Mangsir cuts yield; use seed drill where available.,मंसिरको सुरुसम्ममा छर्नुहोस् — त्यसपछिको हरेक हप्ताको ढिलाइले उत्पादन घट्छ; सम्भव भए सिड ड्रिल प्रयोग गर्नुहोस्।
rupandehi,wheat,50,vegetative,Cold spells and fog are common; irrigate at crown-root initiation (~21 days after sowing).,शीतलहर र कुहिरो सामान्य हो; छरेको करिब २१ दिनपछि (मुख्य जरा बन्ने बेला) सिँचाइ गर्नुहोस्।
rupandehi,wheat,51,vegetative,Cold spells and fog are common; irrigate at crown-root initiation (~21 days after sowing).,शीतलहर र कुहिरो सामान्य हो; छरेको करिब २१ दिनपछि (मुख्य जरा बन्ने बेला) सिँचाइ गर्नुहोस्।
rupandehi,wheat,52,vegetative,Cold spells and fog are common; irrigate at crown-root initiation (~21 days after sowing).,शीतलहर र कुहिरो सामान्य हो; छरेको करिब २१ दिनपछि (मुख्य जरा बन्ने बेला) सिँचाइ गर्नुहोस्।
rupandehi,maize,1,fallow,"Field resting period — good time for green manuring, soil testing and bund repair.","खेत बाँझो रहने समय — हरियो मल, माटो परीक्षण र आली मर्मतका लागि उपयुक्त समय।"
rupandehi,maize,2,fallow,"Field resting period — good time for green manuring, soil testing and bund repair.","खेत बाँझो रहने समय — हरियो मल, माटो परीक्षण र आली मर्मतका लागि उपयुक्त समय।"
rupandehi,maize,3,fallow,"Field resting period — good time for green manuring, soil testing and bund repair.","खेत बाँझो रहने समय — हरियो मल, माटो परीक्षण र आली मर्मतका लागि उपयुक्त समय।"
rupandehi,maize,4,fallow,"Field resting period — good time for green manuring, soil testing and bund repair.","खेत बाँझो रहने समय — हरियो मल, माटो परीक्षण र आली मर्मतका लागि उपयुक्त समय।"
rupandehi,maize,5,fallow,"Field resting period — good time for green manuring, soil testing and bund repair.","खेत बाँझो रहने समय — हरियो मल, माटो परीक्षण र आली मर्मतका लागि उपयुक्त समय।"
rupandehi,maize,6,land-prep,Ensure good tilth for spring maize; residual winter moisture helps germination.,वसन्ते मकैका लागि माटो राम्रोसँग बुझाउनुहोस्; हिउँदे चिस्यानले उमारमा मद्दत गर्छ।
rupandehi,maize,7,land-prep,Ensure good tilth for spring maize; residual winter moisture helps germination.,वसन्ते मकैका लागि माटो राम्रोसँग बुझाउनुहोस्; हिउँदे चिस्यानले उमारमा मद्दत गर्छ।
rupandehi,maize,8,sowing,Sow when soil temperature is rising (Feb–Mar); protect seed from birds and cutworms.,माटोको तापक्रम बढ्दै गर्दा (फागुन–चैत) छर्नुहोस्; चरा र फेदकटुवा कीराबाट बीउ जोगाउनुहोस्।
rupandehi,maize,9,sowing,Sow when soil temperature is rising (Feb–Mar); protect seed from birds and cutworms.,माटोको तापक्रम बढ्दै गर्दा (फागुन–चैत) छर्नुहोस्; चरा र फेदकटुवा कीराबाट बीउ जोगाउनुहोस्।
rupandehi,maize,10,sowing,Sow when soil temperature is rising (Feb–Mar); protect seed from birds and cutworms.,माटोको तापक्रम बढ्दै गर्दा (फागुन–चैत) छर्नुहोस्; चरा र फेदकटुवा कीराबाट बीउ जोगाउनुहोस्।
rupandehi,maize,11,sowing,Sow when soil temperature is rising (Feb–Mar); protect seed from birds and cutworms.,माटोको तापक्रम बढ्दै गर्दा (फागुन–चैत) छर्नुहोस्; चरा र फेदकटुवा कीराबाट बीउ जोगाउनुहोस्।
rupandehi,maize,12,vegetative,Pre-monsoon dry spells: irrigate at knee-high stage; fall armyworm scouting every week.,मनसुनअघिको खडेरी: घुँडा उचाइमा सिँचाइ गर्नुहोस्; अमेरिकी फौजी कीराको साप्ताहिक निगरानी गर्नुहोस्।
rupandehi,maize,13,vegetative,Pre-monsoon dry spells: irrigate at knee-high stage; fall armyworm scouting every week.,मनसुनअघिको खडेरी: घुँडा उचाइमा सिँचाइ गर्नुहोस्; अमेरिकी फौजी कीराको साप्ताहिक निगरानी गर्नुहोस्।
rupandehi,maize,14,vegetative,Pre-monsoon dry spells: irrigate at knee-high stage; fall armyworm scouting every week.,मनसुनअघिको खडेरी: घुँडा उचाइमा सिँचाइ गर्नुहोस्; अमेरिकी फौजी कीराको साप्ताहिक निगरानी गर्नुहोस्।
rupandehi,maize,15,vegetative,Pre-monsoon dry spells: irrigate at knee-high stage; fall armyworm scouting every week.,मनसुनअघिको खडेरी: घुँडा उचाइमा सिँचाइ गर्नुहोस्; अमेरिकी फौजी कीराको साप्ताहिक निगरानी गर्नुहोस्।
rupandehi,maize,16,vegetative,Pre-monsoon dry spells: irrigate at knee-high stage; fall armyworm scouting every week.,मनसुनअघिको खडेरी: घुँडा उचाइमा सिँचाइ गर्नुहोस्; अमेरिकी फौजी कीराको साप्ताहिक निगरानी गर्नुहोस्।
rupandehi,maize,17,vegetative,Pre-monsoon dry spells: irrigate at knee-high stage; fall armyworm scouting every week.,मनसुनअघिको खडेरी: घुँडा उचाइमा सिँचाइ गर्नुहोस्; अमेरिकी फौजी कीराको साप्ताहिक निगरानी गर्नुहोस्।
rupandehi,maize,18,flowering,Tasseling–silking is the most drought-sensitive window; a single missed irrigation can halve yield.,जुँगा निस्कने बेला खडेरीप्रति सबैभन्दा संवेदनशील समय हो; एक पटक सिँचाइ छुटे उत्पादन आधा घट्न सक्छ।
rupandehi,maize,19,flowering,Tasseling–silking is the most drought-sensitive window; a single missed irrigation can halve yield.,जुँगा निस्कने बेला खडेरीप्रति सबैभन्दा संवेदनशील समय हो; एक पटक सिँचाइ छुटे उत्पादन आधा घट्न सक्छ।
rupandehi,maize,20,flowering,Tasseling–silking is the most drought-sensitive window; a single missed irrigation can halve yield.,जुँगा निस्कने बेला खडेरीप्रति सबैभन्दा संवेदनशील समय हो; एक पटक सिँचाइ छुटे उत्पादन आधा घट्न सक्छ।
rupandehi,maize,21,grain-fill,Early monsoon storms can lodge tall crops; earth-up rows for anchorage.,मनसुन सुरुका हुरीले अग्लो बाली ढाल्न सक्छ; बोटलाई माटो चढाउनुहोस्।
rupandehi,maize,22,grain-fill,Early monsoon storms can lodge tall crops; earth-up rows for anchorage.,मनसुन सुरुका हुरीले अग्लो बाली ढाल्न सक्छ; बोटलाई माटो चढाउनुहोस्।
rupandehi,maize,23,grain-fill,Early monsoon storms can lodge tall crops; earth-up rows for anchorage.,मनसुन सुरुका हुरीले अग्लो बाली ढाल्न सक्छ; बोटलाई माटो चढाउनुहोस्।
rupandehi,maize,24,harvest,Harvest before peak monsoon; dry cobs to below 14% moisture to avoid aflatoxin.,मनसुन चरममा पुग्नुअघि भित्र्याउनुहोस्; ढुसी (एफ्लाटक्सिन) बाट जोगाउन घोगा १४% भन्दा कम चिस्यानसम्म सुकाउनुहोस्।
rupandehi,maize,25,harvest,Harvest before peak monsoon; dry cobs to below 14% moisture to avoid aflatoxin.,मनसुन चरममा पुग्नुअघि भित्र्याउनुहोस्; ढुसी (एफ्लाटक्सिन) बाट जोगाउन घोगा १४% भन्दा कम चिस्यानसम्म सुकाउनुहोस्।
rupandehi,maize,26,harvest,Harvest before peak monsoon; dry cobs to below 14% moisture to avoid aflatoxin.,मनसुन चरममा पुग्नुअघि भित्र्याउनुहोस्; ढुसी (एफ्लाटक्सिन) बाट जोगाउन घोगा १४% भन्दा कम चिस्यानसम्म सुकाउनुहोस्।
rupandehi,maize,27,post-harvest,"Dry, grade and store produce properly; hermetic bags reduce storage pest losses.","उपज राम्ररी सुकाएर, छानेर भण्डारण गर्नुहोस्; हावा नछिर्ने बोराले भण्डारण कीराको क्षति घटाउँछ।"
rupandehi,maize,28,post-harvest,"Dry, grade and store produce properly; hermetic bags reduce storage pest losses.","उपज राम्ररी सुकाएर, छानेर भण्डारण गर्नुहोस्; हावा नछिर्ने बोराले भण्डारण कीराको क्षति घटाउँछ।"
rupandehi,maize,29,post-harvest,"Dry, grade and store produce properly; hermetic bags reduce storage pest losses.","उपज राम्ररी सुकाएर, छानेर भण्डारण गर्नुहोस्; हावा नछिर्ने बोराले भण्डारण कीराको क्षति घटाउँछ।"
rupandehi,maize,30,fallow,"Field resting period — good time for green manuring, soil testing and bund repair.","खेत बाँझो रहने समय — हरियो मल, माटो परीक्षण र आली मर्मतका लागि उपयुक्त समय।"
rupandehi,maize,31,fallow,"Field resting period — good time for green manuring, soil testing and bund repair.","खेत बाँझो रहने समय — हरियो मल, माटो परीक्षण र आली मर्मतका लागि उपयुक्त समय।"
rupandehi,maize,32,fallow,"Field resting period — good time for green manuring, soil testing and bund repair.","खेत बाँझो रहने समय — हरियो मल, माटो परीक्षण र आली मर्मतका लागि उपयुक्त समय।"
rupandehi,maize,33,fallow,"Field resting period — good time for green manuring, soil testing and bund repair.","खेत बाँझो रहने समय — हरियो मल, माटो परीक्षण र आली मर्मतका लागि उपयुक्त समय।"
rupandehi,maize,34,fallow,"Field resting period — good time for green manuring, soil testing and bund repair.","खेत बाँझो रहने समय — हरियो मल, माटो परीक्षण र आली मर्मतका लागि उपयुक्त समय।"
rupandehi,maize,35,fallow,"Field resting period — good time for green manuring, soil testing and bund repair.","खेत बाँझो रहने समय — हरियो मल, माटो परीक्षण र आली मर्मतका लागि उपयुक्त समय।"
rupandehi,maize,36,fallow,"Field resting period — good time for green manuring, soil testing and bund repair.","खेत बाँझो रहने समय — हरियो मल, माटो परीक्षण र आली मर्मतका लागि उपयुक्त समय।"
rupandehi,maize,37,fallow,"Field resting period — good time for green manuring, soil testing and bund repair.","खेत बाँझो रहने समय — हरियो मल, माटो परीक्षण र आली मर्मतका लागि उपयुक्त समय।"
rupandehi,maize,38,fallow,"Field resting period — good time for green manuring, soil testing and bund repair.","खेत बाँझो रहने समय — हरियो मल, माटो परीक्षण र आली मर्मतका लागि उपयुक्त समय।"
rupandehi,maize,39,fallow,"Field resting period — good time for green manuring, soil testing and bund repair.","खेत बाँझो रहने समय — हरियो मल, माटो परीक्षण र आली मर्मतका लागि उपयुक्त समय।"
rupandehi,maize,40,fallow,"Field resting period — good time for green manuring, soil testing and bund repair.","खेत बाँझो रहने समय — हरियो मल, माटो परीक्षण र आली मर्मतका लागि उपयुक्त समय।"
rupandehi,maize,41,fallow,"Field resting period — good time for green manuring, soil testing and bund repair.","खेत बाँझो रहने समय — हरियो मल, माटो परीक्षण र आली मर्मतका लागि उपयुक्त समय।"
rupandehi,maize,42,fallow,"Field resting period — good time for green manuring, soil testing and bund repair.","खेत बाँझो रहने समय — हरियो मल, माटो परीक्षण र आली मर्मतका लागि उपयुक्त समय।"
rupandehi,maize,43,fallow,"Field resting period — good time for green manuring, soil testing and bund repair.","खेत बाँझो रहने समय — हरियो मल, माटो परीक्षण र आली मर्मतका लागि उपयुक्त समय।"
rupandehi,maize,44,fallow,"Field resting period — good time for green manuring, soil testing and bund repair.","खेत बाँझो रहने समय — हरियो मल, माटो परीक्षण र आली मर्मतका लागि उपयुक्त समय।"
rupandehi,maize,45,fallow,"Field resting period — good time for green manuring, soil testing and bund repair.","खेत बाँझो रहने समय — हरियो मल, माटो परीक्षण र आली मर्मतका लागि उपयुक्त समय।"
rupandehi,maize,46,fallow,"Field resting period — good time for green manuring, soil testing and bund repair.","खेत बाँझो रहने समय — हरियो मल, माटो परीक्षण र आली मर्मतका लागि उपयुक्त समय।"
rupandehi,maize,47,fallow,"Field resting period — good time for green manuring, soil testing and bund repair.","खेत बाँझो रहने समय — हरियो मल, माटो परीक्षण र आली मर्मतका लागि उपयुक्त समय।"
rupandehi,maize,48,fallow,"Field resting period — good time for green manuring, soil testing and bund repair.","खेत बाँझो रहने समय — हरियो मल, माटो परीक्षण र आली मर्मतका लागि उपयुक्त समय।"
rupandehi,maize,49,fallow,"Field resting period — good time for green manuring, soil testing and bund repair.","खेत बाँझो रहने समय — हरियो मल, माटो परीक्षण र आली मर्मतका लागि उपयुक्त समय।"
rupandehi,maize,50,fallow,"Field resting period — good time for green manuring, soil testing and bund repair.","खेत बाँझो रहने समय — हरियो मल, माटो परीक्षण र आली मर्मतका लागि उपयुक्त समय।"
rupandehi,maize,51,fallow,"Field resting period — good time for green manuring, soil testing and bund repair.","खेत बाँझो रहने समय — हरियो मल, माटो परीक्षण र आली मर्मतका लागि उपयुक्त समय।"
rupandehi,maize,52,fallow,"Field resting period — good time for green manuring, soil testing and bund repair.","खेत बाँझो रहने समय — हरियो मल, माटो परीक्षण र आली मर्मतका लागि उपयुक्त समय।"
rupandehi,mustard,1,grain-fill,Unseasonal winter rain causes pod shattering and disease; drain standing water quickly.,बेमौसमी हिउँदे वर्षाले कोसा फुट्ने र रोग लाग्ने हुन्छ; जमेको पानी तुरुन्त निकास गर्नुहोस्।
rupandehi,mustard,2,grain-fill,Unseasonal winter rain causes pod shattering and disease; drain standing water quickly.,बेमौसमी हिउँदे वर्षाले कोसा फुट्ने र रोग लाग्ने हुन्छ; जमेको पानी तुरुन्त निकास गर्नुहोस्।
rupandehi,mustard,3,harvest,Harvest when 75% pods turn yellow-brown; over-drying in field shatters seed.,७५% कोसा पहेँलो-खैरो भएपछि काट्नुहोस्; खेतमै धेरै सुकाए बीउ झर्छ।
rupandehi,mustard,4,harvest,Harvest when 75% pods turn yellow-brown; over-drying in field shatters seed.,७५% कोसा पहेँलो-खैरो भएपछि काट्नुहोस्; खेतमै धेरै सुकाए बीउ झर्छ।
rupandehi,mustard,5,harvest,Harvest when 75% pods turn yellow-brown; over-drying in field shatters seed.,७५% कोसा पहेँलो-खैरो भएपछि काट्नुहोस्; खेतमै धेरै सुकाए बीउ झर्छ।
rupandehi,mustard,6,harvest,Harvest when 75% pods turn yellow-brown; over-drying in field shatters seed.,७५% कोसा पहेँलो-खैरो भएपछि काट्नुहोस्; खेतमै धेरै सुकाए बीउ झर्छ।
rupandehi,mustard,7,post-harvest,"Dry, grade and store produce properly; hermetic bags reduce storage pest losses.","उपज राम्ररी सुकाएर, छानेर भण्डारण गर्नुहोस्; हावा नछिर्ने बोराले भण्डारण कीराको क्षति घटाउँछ।"
rupandehi,mustard,8,post-harvest,"Dry, grade and store produce properly; hermetic bags reduce storage pest losses.","उपज राम्ररी सुकाएर, छानेर भण्डारण गर्नुहोस्; हावा नछिर्ने बोराले भण्डारण कीराको क्षति घटाउँछ।"
rupandehi,mustard,9,post-harvest,"Dry, grade and store produce properly; hermetic bags reduce storage pest losses.","उपज राम्ररी सुकाएर, छानेर भण्डारण गर्नुहोस्; हावा नछिर्ने बोराले भण्डारण कीराको क्षति घटाउँछ।"
rupandehi,mustard,10,fallow,"Field resting period — good time for green manuring, soil testing and bund repair.","खेत बाँझो रहने समय — हरियो मल, माटो परीक्षण र आली मर्मतका लागि उपयुक्त समय।"
rupandehi,mustard,11,fallow,"Field resting period — good time for green manuring, soil testing and bund repair.","खेत बाँझो रहने समय — हरियो मल, माटो परीक्षण र आली मर्मतका लागि उपयुक्त समय।"
rupandehi,mustard,12,fallow,"Field resting period — good time for green manuring, soil testing and bund repair.","खेत बाँझो रहने समय — हरियो मल, माटो परीक्षण र आली मर्मतका लागि उपयुक्त समय।"
rupandehi,mustard,13,fallow,"Field resting period — good time for green manuring, soil testing and bund repair.","खेत बाँझो रहने समय — हरियो मल, माटो परीक्षण र आली मर्मतका लागि उपयुक्त समय।"
rupandehi,mustard,14,fallow,"Field resting period — good time for green manuring, soil testing and bund repair.","खेत बाँझो रहने समय — हरियो मल, माटो परीक्षण र आली मर्मतका लागि उपयुक्त समय।"
rupandehi,mustard,15,fallow,"Field resting period — good time for green manuring, soil testing and bund repair.","खेत बाँझो रहने समय — हरियो मल, माटो परीक्षण र आली मर्मतका लागि उपयुक्त समय।"
rupandehi,mustard,16,fallow,"Field resting period — good time for green manuring, soil testing and bund repair.","खेत बाँझो रहने समय — हरियो मल, माटो परीक्षण र आली मर्मतका लागि उपयुक्त समय।"
rupandehi,mustard,17,fallow,"Field resting period — good time for green manuring, soil testing and bund repair.","खेत बाँझो रहने समय — हरियो मल, माटो परीक्षण र आली मर्मतका लागि उपयुक्त समय।"
rupandehi,mustard,18,fallow,"Field resting period — good time for green manuring, soil testing and bund repair.","खेत बाँझो रहने समय — हरियो मल, माटो परीक्षण र आली मर्मतका लागि उपयुक्त समय।"
rupandehi,mustard,19,fallow,"Field resting period — good time for green manuring, soil testing and bund repair.","खेत बाँझो रहने समय — हरियो मल, माटो परीक्षण र आली मर्मतका लागि उपयुक्त समय।"
rupandehi,mustard,20,fallow,"Field resting period — good time for green manuring, soil testing and bund repair.","खेत बाँझो रहने समय — हरियो मल, माटो परीक्षण र आली मर्मतका लागि उपयुक्त समय।"
rupandehi,mustard,21,fallow,"Field resting period — good time for green manuring, soil testing and bund repair.","खेत बाँझो रहने समय — हरियो मल, माटो परीक्षण र आली मर्मतका लागि उपयुक्त समय।"
rupandehi,mustard,22,fallow,"Field resting period — good time for green manuring, soil testing and bund repair.","खेत बाँझो रहने समय — हरियो मल, माटो परीक्षण र आली मर्मतका लागि उपयुक्त समय।"
rupandehi,mustard,23,fallow,"Field resting period — good time for green manuring, soil testing and bund repair.","खेत बाँझो रहने समय — हरियो मल, माटो परीक्षण र आली मर्मतका लागि उपयुक्त समय।"
rupandehi,mustard,24,fallow,"Field resting period — good time for green manuring, soil testing and bund repair.","खेत बाँझो रहने समय — हरियो मल, माटो परीक्षण र आली मर्मतका लागि उपयुक्त समय।"
rupandehi,mustard,25,fallow,"Field resting period — good time for green manuring, soil testing and bund repair.","खेत बाँझो रहने समय — हरियो मल, माटो परीक्षण र आली मर्मतका लागि उपयुक्त समय।"
rupandehi,mustard,26,fallow,"Field resting period — good time for green manuring, soil testing and bund repair.","खेत बाँझो रहने समय — हरियो मल, माटो परीक्षण र आली मर्मतका लागि उपयुक्त समय।"
rupandehi,mustard,27,fallow,"Field resting period — good time for green manuring, soil testing and bund repair.","खेत बाँझो रहने समय — हरियो मल, माटो परीक्षण र आली मर्मतका लागि उपयुक्त समय।"
rupandehi,mustard,28,fallow,"Field resting period — good time for green manuring, soil testing and bund repair.","खेत बाँझो रहने समय — हरियो मल, माटो परीक्षण र आली मर्मतका लागि उपयुक्त समय।"
rupandehi,mustard,29,fallow,"Field resting period — good time for green manuring, soil testing and bund repair.","खेत बाँझो रहने समय — हरियो मल, माटो परीक्षण र आली मर्मतका लागि उपयुक्त समय।"
rupandehi,mustard,30,fallow,"Field resting period — good time for green manuring, soil testing and bund repair.","खेत बाँझो रहने समय — हरियो मल, माटो परीक्षण र आली मर्मतका लागि उपयुक्त समय।"
rupandehi,mustard,31,fallow,"Field resting period — good time for green manuring, soil testing and bund repair.","खेत बाँझो रहने समय — हरियो मल, माटो परीक्षण र आली मर्मतका लागि उपयुक्त समय।"
rupandehi,mustard,32,fallow,"Field resting period — good time for green manuring, soil testing and bund repair.","खेत बाँझो रहने समय — हरियो मल, माटो परीक्षण र आली मर्मतका लागि उपयुक्त समय।"
rupandehi,mustard,33,fallow,"Field resting period — good time for green manuring, soil testing and bund repair.","खेत बाँझो रहने समय — हरियो मल, माटो परीक्षण र आली मर्मतका लागि उपयुक्त समय।"
rupandehi,mustard,34,fallow,"Field resting period — good time for green manuring, soil testing and bund repair.","खेत बाँझो रहने समय — हरियो मल, माटो परीक्षण र आली मर्मतका लागि उपयुक्त समय।"
rupandehi,mustard,35,fallow,"Field resting period — good time for green manuring, soil testing and bund repair.","खेत बाँझो रहने समय — हरियो मल, माटो परीक्षण र आली मर्मतका लागि उपयुक्त समय।"
rupandehi,mustard,36,fallow,"Field resting period — good time for green manuring, soil testing and bund repair.","खेत बाँझो रहने समय — हरियो मल, माटो परीक्षण र आली मर्मतका लागि उपयुक्त समय।"
rupandehi,mustard,37,fallow,"Field resting period — good time for green manuring, soil testing and bund repair.","खेत बाँझो रहने समय — हरियो मल, माटो परीक्षण र आली मर्मतका लागि उपयुक्त समय।"
rupandehi,mustard,38,land-prep,Fine tilth needed for small seed; conserve residual monsoon moisture.,सानो बीउका लागि मसिनो माटो चाहिन्छ; मनसुनको बाँकी चिस्यान जोगाउनुहोस्।
rupandehi,mustard,39,land-prep,Fine tilth needed for small seed; conserve residual monsoon moisture.,सानो बीउका लागि मसिनो माटो चाहिन्छ; मनसुनको बाँकी चिस्यान जोगाउनुहोस्।
rupandehi,mustard,40,sowing,Sow late September–October with residual moisture; late sowing increases aphid exposure.,असोज–कात्तिकमा बाँकी चिस्यानमै छर्नुहोस्; ढिलो छरे लाही कीराको प्रकोप बढ्छ।
rupandehi,mustard,41,sowing,Sow late September–October with residual moisture; late sowing increases aphid exposure.,असोज–कात्तिकमा बाँकी चिस्यानमै छर्नुहोस्; ढिलो छरे लाही कीराको प्रकोप बढ्छ।
rupandehi,mustard,42,sowing,Sow late September–October with residual moisture; late sowing increases aphid exposure.,असोज–कात्तिकमा बाँकी चिस्यानमै छर्नुहोस्; ढिलो छरे लाही कीराको प्रकोप बढ्छ।
rupandehi,mustard,43,vegetative,Thin to proper spacing; first irrigation ~30 days after sowing if no rain.,उचित दूरीमा बोट पातलो पार्नुहोस्; वर्षा नभए छरेको करिब ३० दिनपछि पहिलो सिँचाइ गर्नुहोस्।
rupandehi,mustard,44,vegetative,Thin to proper spacing; first irrigation ~30 days after sowing if no rain.,उचित दूरीमा बोट पातलो पार्नुहोस्; वर्षा नभए छरेको करिब ३० दिनपछि पहिलो सिँचाइ गर्नुहोस्।
rupandehi,mustard,45,vegetative,Thin to proper spacing; first irrigation ~30 days after sowing if no rain.,उचित दूरीमा बोट पातलो पार्नुहोस्; वर्षा नभए छरेको करिब ३० दिनपछि पहिलो सिँचाइ गर्नुहोस्।
rupandehi,mustard,46,vegetative,Thin to proper spacing; first irrigation ~30 days after sowing if no rain.,उचित दूरीमा बोट पातलो पार्नुहोस्; वर्षा नभए छरेको करिब ३० दिनपछि पहिलो सिँचाइ गर्नुहोस्।
rupandehi,mustard,47,flowering,Aphid pressure peaks in cool foggy weather; avoid spraying during bee foraging hours.,चिसो कुहिरो लाग्दा लाही कीराको प्रकोप बढ्छ; मौरी चर्ने समयमा विषादी नछर्नुहोस्।
rupandehi,mustard,48,flowering,Aphid pressure peaks in cool foggy weather; avoid spraying during bee foraging hours.,चिसो कुहिरो लाग्दा लाही कीराको प्रकोप बढ्छ; मौरी चर्ने समयमा विषादी नछर्नुहोस्।
rupandehi,mustard,49,flowering,Aphid pressure peaks in cool foggy weather; avoid spraying during bee foraging hours.,चिसो कुहिरो लाग्दा लाही कीराको प्रकोप बढ्छ; मौरी चर्ने समयमा विषादी नछर्नुहोस्।
rupandehi,mustard,50,flowering,Aphid pressure peaks in cool foggy weather; avoid spraying during bee foraging hours.,चिसो कुहिरो लाग्दा लाही कीराको प्रकोप बढ्छ; मौरी चर्ने समयमा विषादी नछर्नुहोस्।
rupandehi,mustard,51,grain-fill,Unseasonal winter rain causes pod shattering and disease; drain standing water quickly.,बेमौसमी हिउँदे वर्षाले कोसा फुट्ने र रोग लाग्ने हुन्छ; जमेको पानी तुरुन्त निकास गर्नुहोस्।
rupandehi,mustard,52,grain-fill,Unseasonal winter rain causes pod shattering and disease; drain standing water quickly.,बेमौसमी हिउँदे वर्षाले कोसा फुट्ने र रोग लाग्ने हुन्छ; जमेको पानी तुरुन्त निकास गर्नुहोस्।
rupandehi,sugarcane,1,harvest,Harvest Dec–Feb at peak sucrose; crush within 24–48 hours of cutting.,चिनीको मात्रा उच्च हुँदा (पुस–माघ) कटानी गर्नुहोस्; काटेको २४–४८ घण्टाभित्र पेल्नुहोस्।
rupandehi,sugarcane,2,harvest,Harvest Dec–Feb at peak sucrose; crush within 24–48 hours of cutting.,चिनीको मात्रा उच्च हुँदा (पुस–माघ) कटानी गर्नुहोस्; काटेको २४–४८ घण्टाभित्र पेल्नुहोस्।
rupandehi,sugarcane,3,harvest,Harvest Dec–Feb at peak sucrose; crush within 24–48 hours of cutting.,चिनीको मात्रा उच्च हुँदा (पुस–माघ) कटानी गर्नुहोस्; काटेको २४–४८ घण्टाभित्र पेल्नुहोस्।
rupandehi,sugarcane,4,harvest,Harvest Dec–Feb at peak sucrose; crush within 24–48 hours of cutting.,चिनीको मात्रा उच्च हुँदा (पुस–माघ) कटानी गर्नुहोस्; काटेको २४–४८ घण्टाभित्र पेल्नुहोस्।
rupandehi,sugarcane,5,harvest,Harvest Dec–Feb at peak sucrose; crush within 24–48 hours of cutting.,चिनीको मात्रा उच्च हुँदा (पुस–माघ) कटानी गर्नुहोस्; काटेको २४–४८ घण्टाभित्र पेल्नुहोस्।
rupandehi,sugarcane,6,land-prep,Deep ploughing and furrow preparation; plan setts from disease-free nursery.,गहिरो जोताइ र कुलेसो तयारी गर्नुहोस्; रोगमुक्त नर्सरीबाट बीउ टुक्रा (सेट) योजना गर्नुहोस्।
rupandehi,sugarcane,7,land-prep,Deep ploughing and furrow preparation; plan setts from disease-free nursery.,गहिरो जोताइ र कुलेसो तयारी गर्नुहोस्; रोगमुक्त नर्सरीबाट बीउ टुक्रा (सेट) योजना गर्नुहोस्।
rupandehi,sugarcane,8,sowing,Plant three-bud setts Feb–Mar; irrigate immediately after planting in dry spring.,फागुन–चैतमा तीन आँख्ला भएका टुक्रा रोप्नुहोस्; सुख्खा वसन्तमा रोपेलगत्तै सिँचाइ गर्नुहोस्।
rupandehi,sugarcane,9,sowing,Plant three-bud setts Feb–Mar; irrigate immediately after planting in dry spring.,फागुन–चैतमा तीन आँख्ला भएका टुक्रा रोप्नुहोस्; सुख्खा वसन्तमा रोपेलगत्तै सिँचाइ गर्नुहोस्।
rupandehi,sugarcane,10,sowing,Plant three-bud setts Feb–Mar; irrigate immediately after planting in dry spring.,फागुन–चैतमा तीन आँख्ला भएका टुक्रा रोप्नुहोस्; सुख्खा वसन्तमा रोपेलगत्तै सिँचाइ गर्नुहोस्।
rupandehi,sugarcane,11,sowing,Plant three-bud setts Feb–Mar; irrigate immediately after planting in dry spring.,फागुन–चैतमा तीन आँख्ला भएका टुक्रा रोप्नुहोस्; सुख्खा वसन्तमा रोपेलगत्तै सिँचाइ गर्नुहोस्।
rupandehi,sugarcane,12,sowing,Plant three-bud setts Feb–Mar; irrigate immediately after planting in dry spring.,फागुन–चैतमा तीन आँख्ला भएका टुक्रा रोप्नुहोस्; सुख्खा वसन्तमा रोपेलगत्तै सिँचाइ गर्नुहोस्।
rupandehi,sugarcane,13,vegetative,Tillering and grand growth through monsoon; earth-up and tie canes before storm season.,मनसुनभर गाँज हाल्ने र तीव्र वृद्धि हुन्छ; हुरी मौसमअघि माटो चढाउने र उखु बाँध्ने काम गर्नुहोस्।
rupandehi,sugarcane,14,vegetative,Tillering and grand growth through monsoon; earth-up and tie canes before storm season.,मनसुनभर गाँज हाल्ने र तीव्र वृद्धि हुन्छ; हुरी मौसमअघि माटो चढाउने र उखु बाँध्ने काम गर्नुहोस्।
rupandehi,sugarcane,15,vegetative,Tillering and grand growth through monsoon; earth-up and tie canes before storm season.,मनसुनभर गाँज हाल्ने र तीव्र वृद्धि हुन्छ; हुरी मौसमअघि माटो चढाउने र उखु बाँध्ने काम गर्नुहोस्।
rupandehi,sugarcane,16,vegetative,Tillering and grand growth through monsoon; earth-up and tie canes before storm season.,मनसुनभर गाँज हाल्ने र तीव्र वृद्धि हुन्छ; हुरी मौसमअघि माटो चढाउने र उखु बाँध्ने काम गर्नुहोस्।
rupandehi,sugarcane,17,vegetative,Tillering and grand growth through monsoon; earth-up and tie canes before storm season.,मनसुनभर गाँज हाल्ने र तीव्र वृद्धि हुन्छ; हुरी मौसमअघि माटो चढाउने र उखु बाँध्ने काम गर्नुहोस्।
rupandehi,sugarcane,18,vegetative,Tillering and grand growth through monsoon; earth-up and tie canes before storm season.,मनसुनभर गाँज हाल्ने र तीव्र वृद्धि हुन्छ; हुरी मौसमअघि माटो चढाउने र उखु बाँध्ने काम गर्नुहोस्।
rupandehi,sugarcane,19,vegetative,Tillering and grand growth through monsoon; earth-up and tie canes before storm season.,मनसुनभर गाँज हाल्ने र तीव्र वृद्धि हुन्छ; हुरी मौसमअघि माटो चढाउने र उखु बाँध्ने काम गर्नुहोस्।
rupandehi,sugarcane,20,vegetative,Tillering and grand growth through monsoon; earth-up and tie canes before storm season.,मनसुनभर गाँज हाल्ने र तीव्र वृद्धि हुन्छ; हुरी मौसमअघि माटो चढाउने र उखु बाँध्ने काम गर्नुहोस्।
rupandehi,sugarcane,21,vegetative,Tillering and grand growth through monsoon; earth-up and tie canes before storm season.,मनसुनभर गाँज हाल्ने र तीव्र वृद्धि हुन्छ; हुरी मौसमअघि माटो चढाउने र उखु बाँध्ने काम गर्नुहोस्।
rupandehi,sugarcane,22,vegetative,Tillering and grand growth through monsoon; earth-up and tie canes before storm season.,मनसुनभर गाँज हाल्ने र तीव्र वृद्धि हुन्छ; हुरी मौसमअघि माटो चढाउने र उखु बाँध्ने काम गर्नुहोस्।
rupandehi,sugarcane,23,vegetative,Tillering and grand growth through monsoon; earth-up and tie canes before storm season.,मनसुनभर गाँज हाल्ने र तीव्र वृद्धि हुन्छ; हुरी मौसमअघि माटो चढाउने र उखु बाँध्ने काम गर्नुहोस्।
rupandehi,sugarcane,24,vegetative,Tillering and grand growth through monsoon; earth-up and tie canes before storm season.,मनसुनभर गाँज हाल्ने र तीव्र वृद्धि हुन्छ; हुरी मौसमअघि माटो चढाउने र उखु बाँध्ने काम गर्नुहोस्।
rupandehi,sugarcane,25,vegetative,Tillering and grand growth through monsoon; earth-up and tie canes before storm season.,मनसुनभर गाँज हाल्ने र तीव्र वृद्धि हुन्छ; हुरी मौसमअघि माटो चढाउने र उखु बाँध्ने काम गर्नुहोस्।
rupandehi,sugarcane,26,vegetative,Tillering and grand growth through monsoon; earth-up and tie canes before storm season.,मनसुनभर गाँज हाल्ने र तीव्र वृद्धि हुन्छ; हुरी मौसमअघि माटो चढाउने र उखु बाँध्ने काम गर्नुहोस्।
rupandehi,sugarcane,27,vegetative,Tillering and grand growth through monsoon; earth-up and tie canes before storm season.,मनसुनभर गाँज हाल्ने र तीव्र वृद्धि हुन्छ; हुरी मौसमअघि माटो चढाउने र उखु बाँध्ने काम गर्नुहोस्।
rupandehi,sugarcane,28,vegetative,Tillering and grand growth through monsoon; earth-up and tie canes before storm season.,मनसुनभर गाँज हाल्ने र तीव्र वृद्धि हुन्छ; हुरी मौसमअघि माटो चढाउने र उखु बाँध्ने काम गर्नुहोस्।
rupandehi,sugarcane,29,vegetative,Tillering and grand growth through monsoon; earth-up and tie canes before storm season.,मनसुनभर गाँज हाल्ने र तीव्र वृद्धि हुन्छ; हुरी मौसमअघि माटो चढाउने र उखु बाँध्ने काम गर्नुहोस्।
rupandehi,sugarcane,30,vegetative,Tillering and grand growth through monsoon; earth-up and tie canes before storm season.,मनसुनभर गाँज हाल्ने र तीव्र वृद्धि हुन्छ; हुरी मौसमअघि माटो चढाउने र उखु बाँध्ने काम गर्नुहोस्।
rupandehi,sugarcane,31,grain-fill,Sucrose accumulation improves with cool dry autumn; stop irrigation 2–3 weeks before harvest.,चिसो सुख्खा शरदमा चिनीको मात्रा बढ्छ; कटानीको २–३ हप्ताअघि सिँचाइ रोक्नुहोस्।
rupandehi,sugarcane,32,grain-fill,Sucrose accumulation improves with cool dry autumn; stop irrigation 2–3 weeks before harvest.,चिसो सुख्खा शरदमा चिनीको मात्रा बढ्छ; कटानीको २–३ हप्ताअघि सिँचाइ रोक्नुहोस्।
rupandehi,sugarcane,33,grain-fill,Sucrose accumulation improves with cool dry autumn; stop irrigation 2–3 weeks before harvest.,चिसो सुख्खा शरदमा चिनीको मात्रा बढ्छ; कटानीको २–३ हप्ताअघि सिँचाइ रोक्नुहोस्।
rupandehi,sugarcane,34,grain-fill,Sucrose accumulation improves with cool dry autumn; stop irrigation 2–3 weeks before harvest.,चिसो सुख्खा शरदमा चिनीको मात्रा बढ्छ; कटानीको २–३ हप्ताअघि सिँचाइ रोक्नुहोस्।
rupandehi,sugarcane,35,grain-fill,Sucrose accumulation improves with cool dry autumn; stop irrigation 2–3 weeks before harvest.,चिसो सुख्खा शरदमा चिनीको मात्रा बढ्छ; कटानीको २–३ हप्ताअघि सिँचाइ रोक्नुहोस्।
rupandehi,sugarcane,36,grain-fill,Sucrose accumulation improves with cool dry autumn; stop irrigation 2–3 weeks before harvest.,चिसो सुख्खा शरदमा चिनीको मात्रा बढ्छ; कटानीको २–३ हप्ताअघि सिँचाइ रोक्नुहोस्।
rupandehi,sugarcane,37,grain-fill,Sucrose accumulation improves with cool dry autumn; stop irrigation 2–3 weeks before harvest.,चिसो सुख्खा शरदमा चिनीको मात्रा बढ्छ; कटानीको २–३ हप्ताअघि सिँचाइ रोक्नुहोस्।
rupandehi,sugarcane,38,grain-fill,Sucrose accumulation improves with cool dry autumn; stop irrigation 2–3 weeks before harvest.,चिसो सुख्खा शरदमा चिनीको मात्रा बढ्छ; कटानीको २–३ हप्ताअघि सिँचाइ रोक्नुहोस्।
rupandehi,sugarcane,39,grain-fill,Sucrose accumulation improves with cool dry autumn; stop irrigation 2–3 weeks before harvest.,चिसो सुख्खा शरदमा चिनीको मात्रा बढ्छ; कटानीको २–३ हप्ताअघि सिँचाइ रोक्नुहोस्।
rupandehi,sugarcane,40,grain-fill,Sucrose accumulation improves with cool dry autumn; stop irrigation 2–3 weeks before harvest.,चिसो सुख्खा शरदमा चिनीको मात्रा बढ्छ; कटानीको २–३ हप्ताअघि सिँचाइ रोक्नुहोस्।
rupandehi,sugarcane,41,grain-fill,Sucrose accumulation improves with cool dry autumn; stop irrigation 2–3 weeks before harvest.,चिसो सुख्खा शरदमा चिनीको मात्रा बढ्छ; कटानीको २–३ हप्ताअघि सिँचाइ रोक्नुहोस्।
rupandehi,sugarcane,42,grain-fill,Sucrose accumulation improves with cool dry autumn; stop irrigation 2–3 weeks before harvest.,चिसो सुख्खा शरदमा चिनीको मात्रा बढ्छ; कटानीको २–३ हप्ताअघि सिँचाइ रोक्नुहोस्।
rupandehi,sugarcane,43,grain-fill,Sucrose accumulation improves with cool dry autumn; stop irrigation 2–3 weeks before harvest.,चिसो सुख्खा शरदमा चिनीको मात्रा बढ्छ; कटानीको २–३ हप्ताअघि सिँचाइ रोक्नुहोस्।
rupandehi,sugarcane,44,grain-fill,Sucrose accumulation improves with cool dry autumn; stop irrigation 2–3 weeks before harvest.,चिसो सुख्खा शरदमा चिनीको मात्रा बढ्छ; कटानीको २–३ हप्ताअघि सिँचाइ रोक्नुहोस्।
rupandehi,sugarcane,45,grain-fill,Sucrose accumulation improves with cool dry autumn; stop irrigation 2–3 weeks before harvest.,चिसो सुख्खा शरदमा चिनीको मात्रा बढ्छ; कटानीको २–३ हप्ताअघि सिँचाइ रोक्नुहोस्।
rupandehi,sugarcane,46,grain-fill,Sucrose accumulation improves with cool dry autumn; stop irrigation 2–3 weeks before harvest.,चिसो सुख्खा शरदमा चिनीको मात्रा बढ्छ; कटानीको २–३ हप्ताअघि सिँचाइ रोक्नुहोस्।
rupandehi,sugarcane,47,grain-fill,Sucrose accumulation improves with cool dry autumn; stop irrigation 2–3 weeks before harvest.,चिसो सुख्खा शरदमा चिनीको मात्रा बढ्छ; कटानीको २–३ हप्ताअघि सिँचाइ रोक्नुहोस्।
rupandehi,sugarcane,48,grain-fill,Sucrose accumulation improves with cool dry autumn; stop irrigation 2–3 weeks before harvest.,चिसो सुख्खा शरदमा चिनीको मात्रा बढ्छ; कटानीको २–३ हप्ताअघि सिँचाइ रोक्नुहोस्।
rupandehi,sugarcane,49,harvest,Harvest Dec–Feb at peak sucrose; crush within 24–48 hours of cutting.,चिनीको मात्रा उच्च हुँदा (पुस–माघ) कटानी गर्नुहोस्; काटेको २४–४८ घण्टाभित्र पेल्नुहोस्।
rupandehi,sugarcane,50,harvest,Harvest Dec–Feb at peak sucrose; crush within 24–48 hours of cutting.,चिनीको मात्रा उच्च हुँदा (पुस–माघ) कटानी गर्नुहोस्; काटेको २४–४८ घण्टाभित्र पेल्नुहोस्।
rupandehi,sugarcane,51,harvest,Harvest Dec–Feb at peak sucrose; crush within 24–48 hours of cutting.,चिनीको मात्रा उच्च हुँदा (पुस–माघ) कटानी गर्नुहोस्; काटेको २४–४८ घण्टाभित्र पेल्नुहोस्।
rupandehi,sugarcane,52,harvest,Harvest Dec–Feb at peak sucrose; crush within 24–48 hours of cutting.,चिनीको मात्रा उच्च हुँदा (पुस–माघ) कटानी गर्नुहोस्; काटेको २४–४८ घण्टाभित्र पेल्नुहोस्।
rupandehi,potato,1,grain-fill,Tuber bulking: keep soil evenly moist; frost on clear January nights can scorch foliage.,दाना बढ्ने बेला: माटो एकनासले ओसिलो राख्नुहोस्; माघको सफा रातको तुषारोले पात डढाउन सक्छ।
rupandehi,potato,2,grain-fill,Tuber bulking: keep soil evenly moist; frost on clear January nights can scorch foliage.,दाना बढ्ने बेला: माटो एकनासले ओसिलो राख्नुहोस्; माघको सफा रातको तुषारोले पात डढाउन सक्छ।
rupandehi,potato,3,grain-fill,Tuber bulking: keep soil evenly moist; frost on clear January nights can scorch foliage.,दाना बढ्ने बेला: माटो एकनासले ओसिलो राख्नुहोस्; माघको सफा रातको तुषारोले पात डढाउन सक्छ।
rupandehi,potato,4,grain-fill,Tuber bulking: keep soil evenly moist; frost on clear January nights can scorch foliage.,दाना बढ्ने बेला: माटो एकनासले ओसिलो राख्नुहोस्; माघको सफा रातको तुषारोले पात डढाउन सक्छ।
rupandehi,potato,5,grain-fill,Tuber bulking: keep soil evenly moist; frost on clear January nights can scorch foliage.,दाना बढ्ने बेला: माटो एकनासले ओसिलो राख्नुहोस्; माघको सफा रातको तुषारोले पात डढाउन सक्छ।
rupandehi,potato,6,harvest,"Dehaulm 10–14 days before digging for skin set; cure in shade, never in direct sun.","बोक्रा बस्नका लागि खन्नुभन्दा १०–१४ दिनअघि झ्याङ काट्नुहोस्; छहारीमा सुकाउनुहोस्, घाममा कहिल्यै होइन।"
rupandehi,potato,7,harvest,"Dehaulm 10–14 days before digging for skin set; cure in shade, never in direct sun.","बोक्रा बस्नका लागि खन्नुभन्दा १०–१४ दिनअघि झ्याङ काट्नुहोस्; छहारीमा सुकाउनुहोस्, घाममा कहिल्यै होइन।"
rupandehi,potato,8,harvest,"Dehaulm 10–14 days before digging for skin set; cure in shade, never in direct sun.","बोक्रा बस्नका लागि खन्नुभन्दा १०–१४ दिनअघि झ्याङ काट्नुहोस्; छहारीमा सुकाउनुहोस्, घाममा कहिल्यै होइन।"
rupandehi,potato,9,harvest,"Dehaulm 10–14 days before digging for skin set; cure in shade, never in direct sun.","बोक्रा बस्नका लागि खन्नुभन्दा १०–१४ दिनअघि झ्याङ काट्नुहोस्; छहारीमा सुकाउनुहोस्, घाममा कहिल्यै होइन।"
rupandehi,potato,10,harvest,"Dehaulm 10–14 days before digging for skin set; cure in shade, never in direct sun.","बोक्रा बस्नका लागि खन्नुभन्दा १०–१४ दिनअघि झ्याङ काट्नुहोस्; छहारीमा सुकाउनुहोस्, घाममा कहिल्यै होइन।"
rupandehi,potato,11,post-harvest,"Dry, grade and store produce properly; hermetic bags reduce storage pest losses.","उपज राम्ररी सुकाएर, छानेर भण्डारण गर्नुहोस्; हावा नछिर्ने बोराले भण्डारण कीराको क्षति घटाउँछ।"
rupandehi,potato,12,post-harvest,"Dry, grade and store produce properly; hermetic bags reduce storage pest losses.","उपज राम्ररी सुकाएर, छानेर भण्डारण गर्नुहोस्; हावा नछिर्ने बोराले भण्डारण कीराको क्षति घटाउँछ।"
rupandehi,potato,13,post-harvest,"Dry, grade and store produce properly; hermetic bags reduce storage pest losses.","उपज राम्ररी सुकाएर, छानेर भण्डारण गर्नुहोस्; हावा नछिर्ने बोराले भण्डारण कीराको क्षति घटाउँछ।"
rupandehi,potato,14,fallow,"Field resting period — good time for green manuring, soil testing and bund repair.","खेत बाँझो रहने समय — हरियो मल, माटो परीक्षण र आली मर्मतका लागि उपयुक्त समय।"
rupandehi,potato,15,fallow,"Field resting period — good time for green manuring, soil testing and bund repair.","खेत बाँझो रहने समय — हरियो मल, माटो परीक्षण र आली मर्मतका लागि उपयुक्त समय।"
rupandehi,potato,16,fallow,"Field resting period — good time for green manuring, soil testing and bund repair.","खेत बाँझो रहने समय — हरियो मल, माटो परीक्षण र आली मर्मतका लागि उपयुक्त समय।"
rupandehi,potato,17,fallow,"Field resting period — good time for green manuring, soil testing and bund repair.","खेत बाँझो रहने समय — हरियो मल, माटो परीक्षण र आली मर्मतका लागि उपयुक्त समय।"
rupandehi,potato,18,fallow,"Field resting period — good time for green manuring, soil testing and bund repair.","खेत बाँझो रहने समय — हरियो मल, माटो परीक्षण र आली मर्मतका लागि उपयुक्त समय।"
rupandehi,potato,19,fallow,"Field resting period — good time for green manuring, soil testing and bund repair.","खेत बाँझो रहने समय — हरियो मल, माटो परीक्षण र आली मर्मतका लागि उपयुक्त समय।"
rupandehi,potato,20,fallow,"Field resting period — good time for green manuring, soil testing and bund repair.","खेत बाँझो रहने समय — हरियो मल, माटो परीक्षण र आली मर्मतका लागि उपयुक्त समय।"
rupandehi,potato,21,fallow,"Field resting period — good time for green manuring, soil testing and bund repair.","खेत बाँझो रहने समय — हरियो मल, माटो परीक्षण र आली मर्मतका लागि उपयुक्त समय।"
rupandehi,potato,22,fallow,"Field resting period — good time for green manuring, soil testing and bund repair.","खेत बाँझो रहने समय — हरियो मल, माटो परीक्षण र आली मर्मतका लागि उपयुक्त समय।"
rupandehi,potato,23,fallow,"Field resting period — good time for green manuring, soil testing and bund repair.","खेत बाँझो रहने समय — हरियो मल, माटो परीक्षण र आली मर्मतका लागि उपयुक्त समय।"
rupandehi,potato,24,fallow,"Field resting period — good time for green manuring, soil testing and bund repair.","खेत बाँझो रहने समय — हरियो मल, माटो परीक्षण र आली मर्मतका लागि उपयुक्त समय।"
rupandehi,potato,25,fallow,"Field resting period — good time for green manuring, soil testing and bund repair.","खेत बाँझो रहने समय — हरियो मल, माटो परीक्षण र आली मर्मतका लागि उपयुक्त समय।"
rupandehi,potato,26,fallow,"Field resting period — good time for green manuring, soil testing and bund repair.","खेत बाँझो रहने समय — हरियो मल, माटो परीक्षण र आली मर्मतका लागि उपयुक्त समय।"
rupandehi,potato,27,fallow,"Field resting period — good time for green manuring, soil testing and bund repair.","खेत बाँझो रहने समय — हरियो मल, माटो परीक्षण र आली मर्मतका लागि उपयुक्त समय।"
rupandehi,potato,28,fallow,"Field resting period — good time for green manuring, soil testing and bund repair.","खेत बाँझो रहने समय — हरियो मल, माटो परीक्षण र आली मर्मतका लागि उपयुक्त समय।"
rupandehi,potato,29,fallow,"Field resting period — good time for green manuring, soil testing and bund repair.","खेत बाँझो रहने समय — हरियो मल, माटो परीक्षण र आली मर्मतका लागि उपयुक्त समय।"
rupandehi,potato,30,fallow,"Field resting period — good time for green manuring, soil testing and bund repair.","खेत बाँझो रहने समय — हरियो मल, माटो परीक्षण र आली मर्मतका लागि उपयुक्त समय।"
rupandehi,potato,31,fallow,"Field resting period — good time for green manuring, soil testing and bund repair.","खेत बाँझो रहने समय — हरियो मल, माटो परीक्षण र आली मर्मतका लागि उपयुक्त समय।"
rupandehi,potato,32,fallow,"Field resting period — good time for green manuring, soil testing and bund repair.","खेत बाँझो रहने समय — हरियो मल, माटो परीक्षण र आली मर्मतका लागि उपयुक्त समय।"
rupandehi,potato,33,fallow,"Field resting period — good time for green manuring, soil testing and bund repair.","खेत बाँझो रहने समय — हरियो मल, माटो परीक्षण र आली मर्मतका लागि उपयुक्त समय।"
rupandehi,potato,34,fallow,"Field resting period — good time for green manuring, soil testing and bund repair.","खेत बाँझो रहने समय — हरियो मल, माटो परीक्षण र आली मर्मतका लागि उपयुक्त समय।"
rupandehi,potato,35,fallow,"Field resting period — good time for green manuring, soil testing and bund repair.","खेत बाँझो रहने समय — हरियो मल, माटो परीक्षण र आली मर्मतका लागि उपयुक्त समय।"
rupandehi,potato,36,fallow,"Field resting period — good time for green manuring, soil testing and bund repair.","खेत बाँझो रहने समय — हरियो मल, माटो परीक्षण र आली मर्मतका लागि उपयुक्त समय।"
rupandehi,potato,37,fallow,"Field resting period — good time for green manuring, soil testing and bund repair.","खेत बाँझो रहने समय — हरियो मल, माटो परीक्षण र आली मर्मतका लागि उपयुक्त समय।"
rupandehi,potato,38,fallow,"Field resting period — good time for green manuring, soil testing and bund repair.","खेत बाँझो रहने समय — हरियो मल, माटो परीक्षण र आली मर्मतका लागि उपयुक्त समय।"
rupandehi,potato,39,fallow,"Field resting period — good time for green manuring, soil testing and bund repair.","खेत बाँझो रहने समय — हरियो मल, माटो परीक्षण र आली मर्मतका लागि उपयुक्त समय।"
rupandehi,potato,40,land-prep,Prepare ridges after monsoon recedes; well-drained loose soil prevents tuber rot.,मनसुन सकिएपछि ड्याङ बनाउनुहोस्; निकास राम्रो भएको खुकुलो माटोले दाना कुहिनबाट जोगाउँछ।
rupandehi,potato,41,land-prep,Prepare ridges after monsoon recedes; well-drained loose soil prevents tuber rot.,मनसुन सकिएपछि ड्याङ बनाउनुहोस्; निकास राम्रो भएको खुकुलो माटोले दाना कुहिनबाट जोगाउँछ।
rupandehi,potato,42,sowing,Plant sprouted seed tubers Oct–Nov; soil moisture at planting is critical for uniform emergence.,टुसा उम्रेका बीउ आलु कात्तिक–मंसिरमा रोप्नुहोस्; एकनासले उम्रन रोप्दा माटोको चिस्यान महत्वपूर्ण छ।
rupandehi,potato,43,sowing,Plant sprouted seed tubers Oct–Nov; soil moisture at planting is critical for uniform emergence.,टुसा उम्रेका बीउ आलु कात्तिक–मंसिरमा रोप्नुहोस्; एकनासले उम्रन रोप्दा माटोको चिस्यान महत्वपूर्ण छ।
rupandehi,potato,44,sowing,Plant sprouted seed tubers Oct–Nov; soil moisture at planting is critical for uniform emergence.,टुसा उम्रेका बीउ आलु कात्तिक–मंसिरमा रोप्नुहोस्; एकनासले उम्रन रोप्दा माटोको चिस्यान महत्वपूर्ण छ।
rupandehi,potato,45,sowing,Plant sprouted seed tubers Oct–Nov; soil moisture at planting is critical for uniform emergence.,टुसा उम्रेका बीउ आलु कात्तिक–मंसिरमा रोप्नुहोस्; एकनासले उम्रन रोप्दा माटोको चिस्यान महत्वपूर्ण छ।
rupandehi,potato,46,vegetative,Earth-up twice; late blight risk spikes with fog and drizzle — prophylactic spray on forecast.,दुई पटक माटो चढाउनुहोस्; कुहिरो र सिमसिम पानीले डढुवा रोगको जोखिम बढाउँछ — पूर्वानुमान हेरी अग्रिम छर्काव गर्नुहोस्।
rupandehi,potato,47,vegetative,Earth-up twice; late blight risk spikes with fog and drizzle — prophylactic spray on forecast.,दुई पटक माटो चढाउनुहोस्; कुहिरो र सिमसिम पानीले डढुवा रोगको जोखिम बढाउँछ — पूर्वानुमान हेरी अग्रिम छर्काव गर्नुहोस्।
rupandehi,potato,48,vegetative,Earth-up twice; late blight risk spikes with fog and drizzle — prophylactic spray on forecast.,दुई पटक माटो चढाउनुहोस्; कुहिरो र सिमसिम पानीले डढुवा रोगको जोखिम बढाउँछ — पूर्वानुमान हेरी अग्रिम छर्काव गर्नुहोस्।
rupandehi,potato,49,vegetative,Earth-up twice; late blight risk spikes with fog and drizzle — prophylactic spray on forecast.,दुई पटक माटो चढाउनुहोस्; कुहिरो र सिमसिम पानीले डढुवा रोगको जोखिम बढाउँछ — पूर्वानुमान हेरी अग्रिम छर्काव गर्नुहोस्।
rupandehi,potato,50,vegetative,Earth-up twice; late blight risk spikes with fog and drizzle — prophylactic spray on forecast.,दुई पटक माटो चढाउनुहोस्; कुहिरो र सिमसिम पानीले डढुवा रोगको जोखिम बढाउँछ — पूर्वानुमान हेरी अग्रिम छर्काव गर्नुहोस्।
rupandehi,potato,51,vegetative,Earth-up twice; late blight risk spikes with fog and drizzle — prophylactic spray on forecast.,दुई पटक माटो चढाउनुहोस्; कुहिरो र सिमसिम पानीले डढुवा रोगको जोखिम बढाउँछ — पूर्वानुमान हेरी अग्रिम छर्काव गर्नुहोस्।
rupandehi,potato,52,vegetative,Earth-up twice; late blight risk spikes with fog and drizzle — prophylactic spray on forecast.,दुई पटक माटो चढाउनुहोस्; कुहिरो र सिमसिम पानीले डढुवा रोगको जोखिम बढाउँछ — पूर्वानुमान हेरी अग्रिम छर्काव गर्नुहोस्।
